.lake/packages/mathlib/Mathlib/Tactic/Linter/FlexibleLinter.lean:29:Simplifying and appealing to a geometric intuition, you can imagine a (tactic) proof like a
.lake/packages/mathlib/Mathlib/Topology/UrysohnsLemma.lean:447:    ⟨fun n ↦ 1/2/2^n, fun n ↦ by positivity, summable_geometric_two' 1, tsum_geometric_two' 1⟩
.lake/packages/mathlib/Mathlib/Topology/UrysohnsLemma.lean:457:  have S x : Summable (fun n ↦ u n * f n x) := Summable.of_nonneg_of_le
.lake/packages/mathlib/Mathlib/Topology/CWComplex/Abstract/Basic.lean:34:* The classical approach is more convenient for concrete geometric arguments
.lake/packages/mathlib/Mathlib/Topology/CWComplex/Classical/Basic.lean:45:  * This approach is more convenient for concrete geometric arguments
.lake/packages/mathlib/Mathlib/Topology/EMetricSpace/Lipschitz.lean:272:theorem edist_iterate_succ_le_geometric {f : α → α} (hf : LipschitzWith K f) (x n) :
.lake/packages/mathlib/Mathlib/Topology/MetricSpace/GromovHausdorff.lean:999:    refine cauchySeq_of_le_geometric (1 / 2) 1 (by norm_num) fun n => ?_
.lake/packages/mathlib/Mathlib/Topology/MetricSpace/Closeds.lean:133:  -- The inequality is written this way to agree with `edist_le_of_edist_le_geometric_of_tendsto₀`
.lake/packages/mathlib/Mathlib/Topology/MetricSpace/Closeds.lean:157:    have : CauchySeq fun k => (z k : α) := cauchySeq_of_edist_le_geometric_two (B n) (B_ne_top n) hz
.lake/packages/mathlib/Mathlib/Topology/MetricSpace/Closeds.lean:173:    exact edist_le_of_edist_le_geometric_two_of_tendsto₀ (B n) hz y_lim
.lake/packages/mathlib/Mathlib/Topology/MetricSpace/Contracting.lean:98:    cauchySeq_of_edist_le_geometric K (edist x (f x)) (ENNReal.coe_lt_one_iff.2 hf.1) hx
.lake/packages/mathlib/Mathlib/Topology/MetricSpace/Contracting.lean:99:      (hf.toLipschitzWith.edist_iterate_succ_le_geometric x)
.lake/packages/mathlib/Mathlib/Topology/MetricSpace/Contracting.lean:102:    edist_le_of_edist_le_geometric_of_tendsto K (edist x (f x))
.lake/packages/mathlib/Mathlib/Topology/MetricSpace/Contracting.lean:103:      (hf.toLipschitzWith.edist_iterate_succ_le_geometric x) hy⟩
.lake/packages/mathlib/Mathlib/Topology/MetricSpace/Contracting.lean:297:      gcongr; exacts [hf.one_sub_K_pos.le, hf.toLipschitzWith.dist_iterate_succ_le_geometric x n]
.lake/packages/mathlib/Mathlib/Topology/MetricSpace/Lipschitz.lean:153:theorem dist_iterate_succ_le_geometric {f : α → α} (hf : LipschitzWith K f) (x n) :
.lake/packages/mathlib/Mathlib/Topology/MetricSpace/PiNat.lean:812:  (ENNReal.tsum_geometric_two_encode_le_two).trans' <| by
.lake/packages/mathlib/Mathlib/Topology/MetricSpace/PiNat.lean:852:          (tsum_geometric_encode_lt_top ENNReal.one_half_lt_one).ne).2 _
.lake/packages/mathlib/Mathlib/Topology/MetricSpace/PiNat.lean:925:  refine .of_nonneg_of_le (fun i => ?_) (fun i => min_le_left _ _) <| by
.lake/packages/mathlib/Mathlib/Topology/MetricSpace/PiNat.lean:926:    simpa [one_div] using summable_geometric_two_encode
.lake/packages/mathlib/Mathlib/Topology/MetricSpace/PiNat.lean:1046:  apply continuous_tsum (by fun_prop) summable_geometric_two_encode <| by simp [abs_of_nonneg]
.lake/packages/mathlib/Mathlib/Topology/TietzeExtension.lean:249:  have hg_cau : CauchySeq g := cauchySeq_of_le_geometric _ _ (by norm_num1) hg_dist
.lake/packages/mathlib/Mathlib/Topology/TietzeExtension.lean:262:      (dist_le_of_le_geometric_of_tendsto₀ _ _ (by norm_num1)
.lake/packages/mathlib/Mathlib/Topology/Separation/PerfectlyNormal.lean:45:      (summable_geometric_two' 1).of_norm_bounded fun n => hsb x n
.lake/packages/mathlib/Mathlib/Topology/Separation/PerfectlyNormal.lean:47:    -- thus continuous because it is dominated by a geometric series
.lake/packages/mathlib/Mathlib/Topology/Separation/PerfectlyNormal.lean:51:          continuous_tsum (fun n => by fun_prop) (summable_geometric_two' 1) fun n x => hsb x n }
.lake/packages/mathlib/Mathlib/Topology/Separation/PerfectlyNormal.lean:69:        (hsx x).tsum_le_tsum (fun n => by simp [(hfr n x).2]) (summable_geometric_two' 1)
.lake/packages/mathlib/Mathlib/Topology/Separation/PerfectlyNormal.lean:70:      _ = _ := tsum_geometric_two' 1
.lake/packages/mathlib/Mathlib/Topology/Baire/CompleteMetrizable.lean:93:  have : CauchySeq c := cauchySeq_of_edist_le_geometric_two _ ENNReal.one_ne_top cdist
.lake/packages/mathlib/Mathlib/Topology/Algebra/InfiniteSum/ENNReal.lean:531:theorem Summable.of_nonneg_of_le {f g : β → ℝ} (hg : ∀ b, 0 ≤ g b) (hgf : ∀ b, g b ≤ f b)
.lake/packages/mathlib/Mathlib/Topology/Algebra/InfiniteSum/ENNReal.lean:540:  refine .of_nonneg_of_le (fun n => NNReal.coe_nonneg _) (fun n => ?_) hf.abs
.lake/packages/mathlib/Mathlib/Topology/Algebra/InfiniteSum/Ring.lean:24:* `Summable.tsum_pow_mul_one_sub`, `Summable.one_sub_mul_tsum_pow`: geometric series formula.
.lake/packages/mathlib/Mathlib/Topology/Algebra/InfiniteSum/Ring.lean:45:theorem Summable.mul_left (a) (hf : Summable f L) : Summable (fun i ↦ a * f i) L :=
.lake/packages/mathlib/Mathlib/Topology/Algebra/InfiniteSum/Ring.lean:55:protected theorem Summable.tsum_mul_left (a) (hf : Summable f L) :
.lake/packages/mathlib/Mathlib/Topology/Algebra/InfiniteSum/Ring.lean:273:This section gives a general result about geometric series without assuming additional structure on
.lake/packages/mathlib/Mathlib/Topology/Algebra/InfiniteSum/Real.lean:108:  Summable.tsum_lt_tsum h hi (.of_nonneg_of_le h0 h hg) hg
.lake/packages/mathlib/Mathlib/Dynamics/Circle/RotationNumber/TranslationNumber.lean:590:  (cauchySeq_of_le_geometric_two fun n => le_of_lt <| f.transnumAuxSeq_dist_lt n).tendsto_limUnder
.lake/packages/mathlib/Mathlib/Dynamics/Circle/RotationNumber/TranslationNumber.lean:594:    dist_le_of_le_geometric_two_of_tendsto₀ (fun n => le_of_lt <| f.transnumAuxSeq_dist_lt n)
.lake/packages/mathlib/Mathlib/Analysis/InnerProductSpace/l2Space.lean:201:      convert (hV.summable_of_lp f).hasSum.norm.rpow_const (Or.inr H.le) using 1
.lake/packages/mathlib/Mathlib/Analysis/CStarAlgebra/Unitary/Connected.lean:139:    exact Real.cos_abs y ▸ Real.cos_le_cos_of_nonneg_of_le_pi (by positivity) hx <|
.lake/packages/mathlib/Mathlib/Analysis/CStarAlgebra/Unitary/Connected.lean:152:        exact Real.cos_lt_cos_of_nonneg_of_le_pi (by positivity) le_rfl hx
.lake/packages/mathlib/Mathlib/Analysis/CStarAlgebra/Unitary/Connected.lean:210:    exact Real.cos_le_cos_of_nonneg_of_le_pi (by positivity) (norm_argSelfAdjoint_le_pi u) key
.lake/packages/mathlib/Mathlib/Analysis/CStarAlgebra/Unitary/Connected.lean:263:      Real.cos_pi ▸ Real.cos_lt_cos_of_nonneg_of_le_pi (by positivity) le_rfl hx
.lake/packages/mathlib/Mathlib/Analysis/CStarAlgebra/PositiveLinearMap.lean:70:  refine CStarAlgebra.norm_le_norm_of_nonneg_of_le (f.map_nonneg hx) ?_
.lake/packages/mathlib/Mathlib/Analysis/CStarAlgebra/PositiveLinearMap.lean:126:    refine CStarAlgebra.norm_le_norm_of_nonneg_of_le (f.map_nonneg (this n)) ?_
.lake/packages/mathlib/Mathlib/Analysis/CStarAlgebra/Extreme.lean:44:    `IsStarProjection.conjugate_of_nonneg_of_le`.
.lake/packages/mathlib/Mathlib/Analysis/CStarAlgebra/Extreme.lean:49:      rw [← h0t.ne'.isUnit.smul_left_cancel, ← he.conjugate_of_nonneg_of_le
.lake/packages/mathlib/Mathlib/Analysis/CStarAlgebra/Module/Constructions.lean:149:    refine CStarAlgebra.norm_le_norm_of_nonneg_of_le (A := A) ?_ ?_
.lake/packages/mathlib/Mathlib/Analysis/CStarAlgebra/Module/Constructions.lean:275:  refine CStarAlgebra.norm_le_norm_of_nonneg_of_le inner_self_nonneg ?_
.lake/packages/mathlib/Mathlib/Analysis/CStarAlgebra/Module/Defs.lean:236:                refine CStarAlgebra.norm_le_norm_of_nonneg_of_le ?_ inner_mul_inner_swap_le
.lake/packages/mathlib/Mathlib/Analysis/CStarAlgebra/ContinuousFunctionalCalculus/Order.lean:31:* `CStarAlgebra.norm_le_norm_of_nonneg_of_le`: in a non-unital C⋆-algebra, if `0 ≤ a ≤ b`, then
.lake/packages/mathlib/Mathlib/Analysis/CStarAlgebra/ContinuousFunctionalCalculus/Order.lean:449:lemma norm_le_norm_of_nonneg_of_le {a b : A} (ha : 0 ≤ a := by cfc_tac) (hab : a ≤ b) :
.lake/packages/mathlib/Mathlib/Analysis/CStarAlgebra/ContinuousFunctionalCalculus/Order.lean:460:theorem nnnorm_le_nnnorm_of_nonneg_of_le {a : A} {b : A} (ha : 0 ≤ a := by cfc_tac) (hab : a ≤ b) :
.lake/packages/mathlib/Mathlib/Analysis/CStarAlgebra/ContinuousFunctionalCalculus/Order.lean:462:  norm_le_norm_of_nonneg_of_le ha hab
.lake/packages/mathlib/Mathlib/Analysis/CStarAlgebra/ContinuousFunctionalCalculus/Order.lean:556:lemma IsStarProjection.mul_right_and_mul_left_of_nonneg_of_le {a e : A}
.lake/packages/mathlib/Mathlib/Analysis/CStarAlgebra/ContinuousFunctionalCalculus/Order.lean:570:lemma IsStarProjection.conjugate_of_nonneg_of_le {a e : A} (he : IsStarProjection e)
.lake/packages/mathlib/Mathlib/Analysis/CStarAlgebra/ContinuousFunctionalCalculus/Order.lean:572:  grind [he.mul_right_and_mul_left_of_nonneg_of_le ha hae]
.lake/packages/mathlib/Mathlib/Analysis/CStarAlgebra/ApproximateUnit.lean:225:  refine nnnorm_le_nnnorm_of_nonneg_of_le (star_left_conjugate_nonneg (pow_nonneg hy'.1 2) _) ?_
.lake/packages/mathlib/Mathlib/Analysis/CStarAlgebra/Projection.lean:100:  tfae_have 1 → 2 := fun h ↦ (hq.mul_right_and_mul_left_of_nonneg_of_le hp.nonneg h).2
.lake/packages/mathlib/Mathlib/Analysis/Hofer.lean:71:          _ ≤ 2 * ε := by gcongr; apply sum_geometric_two_le
.lake/packages/mathlib/Mathlib/Analysis/Hofer.lean:79:    refine cauchySeq_of_le_geometric _ ε one_half_lt_one fun n => ?_
.lake/packages/mathlib/Mathlib/Analysis/Complex/Angle.lean:14:This file relates the Euclidean geometric notion of angle between complex numbers to the argument of
.lake/packages/mathlib/Mathlib/Analysis/Complex/AbelLimit.lean:132:  have k := h.sub (summable_powerSeries_of_norm_lt_one h.cauchySeq hz).hasSum.tendsto_sum_nat
.lake/packages/mathlib/Mathlib/Analysis/Complex/AbelLimit.lean:229:          (summable_geometric_of_lt_one (by positivity) zn)
.lake/packages/mathlib/Mathlib/Analysis/Complex/AbelLimit.lean:231:        rw [tsum_geometric_of_lt_one (by positivity) zn, ← div_eq_mul_inv]
.lake/packages/mathlib/Mathlib/Analysis/Fourier/PoissonSummation.lean:197:theorem Real.tsum_eq_tsum_fourier_of_rpow_decay_of_summable {f : ℝ → ℂ} (hc : Continuous f)
.lake/packages/mathlib/Mathlib/Analysis/Fourier/PoissonSummation.lean:201:  Real.tsum_eq_tsum_fourier (fun K => summable_of_isBigO (Real.summable_abs_int_rpow hb)
.lake/packages/mathlib/Mathlib/Analysis/Fourier/PoissonSummation.lean:206:alias Real.tsum_eq_tsum_fourierIntegral_of_rpow_decay_of_summable :=
.lake/packages/mathlib/Mathlib/Analysis/Fourier/PoissonSummation.lean:207:  Real.tsum_eq_tsum_fourier_of_rpow_decay_of_summable
.lake/packages/mathlib/Mathlib/Analysis/Fourier/PoissonSummation.lean:216:  Real.tsum_eq_tsum_fourier_of_rpow_decay_of_summable hc hb hf (summable_of_isBigO
.lake/packages/mathlib/Mathlib/Analysis/Fourier/PoissonSummation.lean:217:    (Real.summable_abs_int_rpow hb) (hFf.comp_tendsto Int.tendsto_coe_cofinite)) x
.lake/packages/mathlib/Mathlib/Analysis/Real/Cardinality.lean:91:  apply (summable_geometric_of_lt_one h1 h2).summable_of_eq_zero_or_self
.lake/packages/mathlib/Mathlib/Analysis/Real/Cardinality.lean:144:        tsum_geometric_of_lt_one (le_of_lt h1) h3]
.lake/packages/mathlib/Mathlib/Analysis/Real/OfDigits.lean:57:  refine Summable.of_nonneg_of_le (fun _ ↦ ofDigitsTerm_nonneg) (fun _ ↦ ofDigitsTerm_le) ?_
.lake/packages/mathlib/Mathlib/Analysis/Real/OfDigits.lean:61:  refine Summable.mul_left _ (summable_geometric_of_lt_one (by positivity) ?_)
.lake/packages/mathlib/Mathlib/Analysis/Real/OfDigits.lean:79:    rw [tsum_mul_left, tsum_geometric_of_lt_one (by positivity) (by simp [inv_lt_one_iff₀, hb])]
.lake/packages/mathlib/Mathlib/Analysis/Real/OfDigits.lean:83:    refine Summable.mul_left _ (summable_geometric_of_lt_one (by positivity) ?_)
.lake/packages/mathlib/Mathlib/Analysis/Real/OfDigits.lean:91:    ← Summable.tsum_mul_left _ summable_ofDigitsTerm]
.lake/packages/mathlib/Mathlib/Analysis/Real/OfDigits.lean:170:  rw [Summable.tsum_mul_left]
.lake/packages/mathlib/Mathlib/Analysis/Real/OfDigits.lean:172:      tsum_geometric_of_lt_one (by positivity) (by simp [inv_lt_one_iff₀, NeZero.pos b])]
.lake/packages/mathlib/Mathlib/Analysis/Real/OfDigits.lean:177:    apply summable_geometric_of_lt_one (by positivity) (by simp [inv_lt_one_iff₀, NeZero.pos b])
.lake/packages/mathlib/Mathlib/Analysis/Real/OfDigits.lean:208:    · exact summable_geometric_of_lt_one (by positivity) (inv_lt_one_of_one_lt₀ hb)
.lake/packages/mathlib/Mathlib/Analysis/MellinTransform.lean:365:        le_add_of_nonneg_of_le (rpow_pos_of_pos ht _).le (rpow_le_rpow_of_exponent_ge ht h.le ?_)
.lake/packages/mathlib/Mathlib/Analysis/PSeries.lean:20:`summable_one_div_rpow`. After this transformation, a `p`-series turns into a geometric series.
.lake/packages/mathlib/Mathlib/Analysis/PSeries.lean:207:  convert summable_schlomilch_iff hf (pow_pos zero_lt_two) (pow_right_strictMono₀ _root_.one_lt_two)
.lake/packages/mathlib/Mathlib/Analysis/PSeries.lean:234:  convert summable_schlomilch_iff_of_nonneg h_nonneg h_mono (pow_pos zero_lt_two)
.lake/packages/mathlib/Mathlib/Analysis/PSeries.lean:264:and only if `∑ n, 2 ^ n / ((2 ^ n) ^ p)` converges, and the latter series is a geometric series with
.lake/packages/mathlib/Mathlib/Analysis/PSeries.lean:274:theorem summable_nat_rpow_inv {p : ℝ} :
.lake/packages/mathlib/Mathlib/Analysis/PSeries.lean:282:        summable_geometric_iff_norm_lt_one]
.lake/packages/mathlib/Mathlib/Analysis/PSeries.lean:305:theorem summable_nat_rpow {p : ℝ} : Summable (fun n => (n : ℝ) ^ p : ℕ → ℝ) ↔ p < -1 := by
.lake/packages/mathlib/Mathlib/Analysis/PSeries.lean:311:theorem summable_one_div_nat_rpow {p : ℝ} :
.lake/packages/mathlib/Mathlib/Analysis/PSeries.lean:318:theorem summable_nat_pow_inv {p : ℕ} :
.lake/packages/mathlib/Mathlib/Analysis/PSeries.lean:320:  simp only [← rpow_natCast, summable_nat_rpow_inv, Nat.one_lt_cast]
.lake/packages/mathlib/Mathlib/Analysis/PSeries.lean:324:theorem summable_one_div_nat_pow {p : ℕ} :
.lake/packages/mathlib/Mathlib/Analysis/PSeries.lean:326:  simp only [one_div, Real.summable_nat_pow_inv]
.lake/packages/mathlib/Mathlib/Analysis/PSeries.lean:329:theorem summable_one_div_int_pow {p : ℕ} :
.lake/packages/mathlib/Mathlib/Analysis/PSeries.lean:331:  refine ⟨fun h ↦ summable_one_div_nat_pow.mp (h.comp_injective Nat.cast_injective),
.lake/packages/mathlib/Mathlib/Analysis/PSeries.lean:332:    fun h ↦ .of_nat_of_neg (summable_one_div_nat_pow.mpr h)
.lake/packages/mathlib/Mathlib/Analysis/PSeries.lean:333:      (((summable_one_div_nat_pow.mpr h).mul_left <| 1 / (-1 : ℝ) ^ p).congr fun n ↦ ?_)⟩
.lake/packages/mathlib/Mathlib/Analysis/PSeries.lean:336:theorem summable_abs_int_rpow {b : ℝ} (hb : 1 < b) :
.lake/packages/mathlib/Mathlib/Analysis/PSeries.lean:342:    rwa [summable_nat_rpow, neg_lt_neg_iff]
.lake/packages/mathlib/Mathlib/Analysis/PSeries.lean:347:    mt (summable_nat_pow_inv (p := 1)).1 (lt_irrefl 1)
.lake/packages/mathlib/Mathlib/Analysis/PSeries.lean:351:theorem not_summable_one_div_natCast : ¬Summable (fun n => 1 / n : ℕ → ℝ) := by
.lake/packages/mathlib/Mathlib/Analysis/PSeries.lean:352:  simpa only [inv_eq_one_div] using not_summable_natCast_inv
.lake/packages/mathlib/Mathlib/Analysis/PSeries.lean:358:  · exact_mod_cast mt (_root_.summable_nat_add_iff 1).1 not_summable_one_div_natCast
.lake/packages/mathlib/Mathlib/Analysis/PSeries.lean:366:theorem summable_rpow_inv {p : ℝ} :
.lake/packages/mathlib/Mathlib/Analysis/PSeries.lean:371:theorem summable_rpow {p : ℝ} : Summable (fun n => (n : ℝ≥0) ^ p : ℕ → ℝ≥0) ↔ p < -1 := by
.lake/packages/mathlib/Mathlib/Analysis/PSeries.lean:374:theorem summable_one_div_rpow {p : ℝ} :
.lake/packages/mathlib/Mathlib/Analysis/PSeries.lean:429:lemma Real.not_summable_indicator_one_div_natCast {m : ℕ} (hm : m ≠ 0) (k : ZMod m) :
.lake/packages/mathlib/Mathlib/Analysis/PSeries.lean:438:  exact mt (summable_nat_add_iff (f := fun n : ℕ ↦ 1 / (n : ℝ)) 1).mp not_summable_one_div_natCast
.lake/packages/mathlib/Mathlib/Analysis/PSeries.lean:449:lemma Real.summable_one_div_nat_add_rpow (a : ℝ) (s : ℝ) :
.lake/packages/mathlib/Mathlib/Analysis/PSeries.lean:453:    simp_rw [← summable_one_div_nat_rpow, Iff.intro (this a 0) (this 0 a), add_zero, Nat.abs_cast]
.lake/packages/mathlib/Mathlib/Analysis/PSeries.lean:474:lemma Real.summable_one_div_int_add_rpow (a : ℝ) (s : ℝ) :
.lake/packages/mathlib/Mathlib/Analysis/PSeries.lean:477:    Int.cast_neg, neg_neg, Int.cast_natCast, summable_one_div_nat_add_rpow, and_self]
.lake/packages/mathlib/Mathlib/Analysis/PSeries.lean:479:theorem summable_pow_div_add {α : Type*} (x : α) [RCLike α] (q k : ℕ) (hq : 1 < q) :
.lake/packages/mathlib/Mathlib/Analysis/PSeries.lean:484:    Real.summable_nat_pow_inv, iff_true]
.lake/packages/mathlib/Mathlib/Analysis/MeanInequalities.lean:27:The inequality says that the geometric mean of a tuple of non-negative numbers is less than or equal
.lake/packages/mathlib/Mathlib/Analysis/MeanInequalities.lean:48:to their geometric mean. We prove the weighted version of this inequality: if $w$ and $z$
.lake/packages/mathlib/Mathlib/Analysis/MeanInequalities.lean:105:- prove that the power mean tends to the geometric mean as the exponent tends to zero.
.lake/packages/mathlib/Mathlib/Analysis/MeanInequalities.lean:128:/-- **AM-GM inequality**: The geometric mean is less than or equal to the arithmetic mean, weighted
.lake/packages/mathlib/Mathlib/Analysis/MeanInequalities.lean:152:/-- **AM-GM inequality**: The geometric mean is less than or equal to the arithmetic mean. -/
.lake/packages/mathlib/Mathlib/Analysis/MeanInequalities.lean:276:/-- **AM-GM inequality**: The geometric mean is less than or equal to the arithmetic mean, weighted
.lake/packages/mathlib/Mathlib/Analysis/MeanInequalities.lean:284:/-- **AM-GM inequality**: The geometric mean is less than or equal to the arithmetic mean, weighted
.lake/packages/mathlib/Mathlib/Analysis/MeanInequalities.lean:341:/-- **HM-GM inequality**: The harmonic mean is less than or equal to the geometric mean, weighted
.lake/packages/mathlib/Mathlib/Analysis/MeanInequalities.lean:363:/-- **HM-GM inequality**: The harmonic mean is less than or equal to the geometric mean. -/
.lake/packages/mathlib/Mathlib/Analysis/MeanInequalities.lean:543:theorem summable_and_Lr_rpow_le_Lp_mul_Lq_tsum {f g : ι → ℝ≥0} {p q r : ℝ}
.lake/packages/mathlib/Mathlib/Analysis/MeanInequalities.lean:571:  simpa using summable_and_Lr_rpow_le_Lp_mul_Lq_tsum hpq hf hg
.lake/packages/mathlib/Mathlib/Analysis/MeanInequalities.lean:573:theorem summable_mul_rpow_of_Lp_Lq {f g : ι → ℝ≥0} {p q r : ℝ} (hpqr : p.HolderTriple q r)
.lake/packages/mathlib/Mathlib/Analysis/MeanInequalities.lean:576:  (summable_and_Lr_rpow_le_Lp_mul_Lq_tsum hpqr hf hg).1
.lake/packages/mathlib/Mathlib/Analysis/MeanInequalities.lean:586:  (summable_and_Lr_rpow_le_Lp_mul_Lq_tsum hpqr hf hg).2
.lake/packages/mathlib/Mathlib/Analysis/MeanInequalities.lean:819:theorem summable_and_Lr_rpow_le_Lp_mul_Lq_tsum_of_nonneg (hpqr : p.HolderTriple q r)
.lake/packages/mathlib/Mathlib/Analysis/MeanInequalities.lean:829:  exact NNReal.summable_and_Lr_rpow_le_Lp_mul_Lq_tsum hpqr hf_sum hg_sum
.lake/packages/mathlib/Mathlib/Analysis/MeanInequalities.lean:840:  simpa using summable_and_Lr_rpow_le_Lp_mul_Lq_tsum_of_nonneg hpq hf hg hf_sum hg_sum
.lake/packages/mathlib/Mathlib/Analysis/MeanInequalities.lean:845:  (summable_and_Lr_rpow_le_Lp_mul_Lq_tsum_of_nonneg hpqr hf hg hf_sum hg_sum).1
.lake/packages/mathlib/Mathlib/Analysis/MeanInequalities.lean:855:  (summable_and_Lr_rpow_le_Lp_mul_Lq_tsum_of_nonneg hpqr hf hg hf_sum hg_sum).2
.lake/packages/mathlib/Mathlib/Analysis/Convex/Approximation.lean:74:  obtain ⟨L, ⟨b, hLb⟩⟩ := geometric_hahn_banach_point_closed (𝕜 := 𝕜) hφcv.convex_re_epigraph
.lake/packages/mathlib/Mathlib/Analysis/Convex/Cone/InnerDual.lean:26:  that for all points `x` in `K`, `0 ≤ ⟪x, y⟫_ℝ` and `⟪y, b⟫_ℝ < 0`. This is also a geometric
.lake/packages/mathlib/Mathlib/Analysis/Convex/Cone/InnerDual.lean:113:/-- Relative geometric interpretation of **Farkas' lemma**. Also stronger version of the
.lake/packages/mathlib/Mathlib/Analysis/Convex/Cone/Dual.lean:26:vector space `E` and a point `x₀` not in `C` can be separated by a hyperplane. This is a geometric
.lake/packages/mathlib/Mathlib/Analysis/Convex/Cone/Dual.lean:123:    geometric_hahn_banach_compact_closed hKconv hKcomp C.convex C.isClosed hKC
.lake/packages/mathlib/Mathlib/Analysis/Convex/AmpleSet.lean:27:  This is the crucial geometric ingredient which allows to apply convex integration
.lake/packages/mathlib/Mathlib/Analysis/Convex/Between.lean:930:theorem wbtw_smul_vadd_smul_vadd_of_nonneg_of_le (x : P) (v : V) {r₁ r₂ : R} (hr₁ : 0 ≤ r₁)
.lake/packages/mathlib/Mathlib/Analysis/Convex/Between.lean:939:  · exact Or.inl (wbtw_smul_vadd_smul_vadd_of_nonneg_of_le x v hr₁ h)
.lake/packages/mathlib/Mathlib/Analysis/Convex/Between.lean:940:  · exact Or.inr (wbtw_smul_vadd_smul_vadd_of_nonneg_of_le x v hr₂ h)
.lake/packages/mathlib/Mathlib/Analysis/Convex/Between.lean:944:  convert wbtw_smul_vadd_smul_vadd_of_nonneg_of_le x (-v) (Left.nonneg_neg_iff.2 hr₁)
.lake/packages/mathlib/Mathlib/Analysis/Convex/Between.lean:956:  convert wbtw_smul_vadd_smul_vadd_of_nonneg_of_le (r₁ • v +ᵥ x) v (Left.nonneg_neg_iff.2 hr₁)
.lake/packages/mathlib/Mathlib/Analysis/Convex/KreinMilman.lean:23:3. With the (geometric) Hahn-Banach theorem, find a hyperplane that separates `x` and `y`.
.lake/packages/mathlib/Mathlib/Analysis/Convex/KreinMilman.lean:34:2. With the (geometric) Hahn-Banach theorem, find a hyperplane that separates `x` from
.lake/packages/mathlib/Mathlib/Analysis/Convex/KreinMilman.lean:72:    obtain ⟨l, hl⟩ := geometric_hahn_banach_point_point hyx
.lake/packages/mathlib/Mathlib/Analysis/Convex/KreinMilman.lean:102:    geometric_hahn_banach_closed_point (convex_convexHull _ _).closure isClosed_closure hxt
.lake/packages/mathlib/Mathlib/Analysis/SpecialFunctions/Exp.lean:422:  simp only [exp_nat_mul, summable_geometric_iff_norm_lt_one, norm_of_nonneg (exp_nonneg _),
.lake/packages/mathlib/Mathlib/Analysis/SpecialFunctions/Exp.lean:430:  refine (Real.summable_exp_nat_mul_iff.mpr hc).of_nonneg_of_le (fun _ ↦ by positivity) fun i ↦ ?_
.lake/packages/mathlib/Mathlib/Analysis/SpecialFunctions/Exp.lean:435:lemma summable_pow_mul_exp_neg_nat_mul (k : ℕ) {r : ℝ} (hr : 0 < r) :
.lake/packages/mathlib/Mathlib/Analysis/SpecialFunctions/Exp.lean:438:  apply summable_pow_mul_geometric_of_norm_lt_one
.lake/packages/mathlib/Mathlib/Analysis/SpecialFunctions/OrdinaryHypergeometric.lean:12:# Ordinary hypergeometric function in a Banach algebra
.lake/packages/mathlib/Mathlib/Analysis/SpecialFunctions/OrdinaryHypergeometric.lean:14:In this file, we define `ordinaryHypergeometric`, the _ordinary_ or _Gaussian_ hypergeometric
.lake/packages/mathlib/Mathlib/Analysis/SpecialFunctions/OrdinaryHypergeometric.lean:27:- `ordinaryHypergeometricSeries` is the `FormalMultilinearSeries` given above for some `(a b c : 𝕂)`
.lake/packages/mathlib/Mathlib/Analysis/SpecialFunctions/OrdinaryHypergeometric.lean:28:- `ordinaryHypergeometric` is the sum of the series for some `(x : 𝔸)`
.lake/packages/mathlib/Mathlib/Analysis/SpecialFunctions/OrdinaryHypergeometric.lean:29:- `ordinaryHypergeometricSeries_eq_zero_of_nonpos_int` shows that the `n`-th term of the series is
.lake/packages/mathlib/Mathlib/Analysis/SpecialFunctions/OrdinaryHypergeometric.lean:37:- `ordinaryHypergeometricSeries_eq_zero_iff` is iff variant of
.lake/packages/mathlib/Mathlib/Analysis/SpecialFunctions/OrdinaryHypergeometric.lean:38:  `ordinaryHypergeometricSeries_eq_zero_of_nonpos_int`
.lake/packages/mathlib/Mathlib/Analysis/SpecialFunctions/OrdinaryHypergeometric.lean:39:- `ordinaryHypergeometricSeries_radius_eq_one` proves that the radius of convergence of the
.lake/packages/mathlib/Mathlib/Analysis/SpecialFunctions/OrdinaryHypergeometric.lean:40:  `ordinaryHypergeometricSeries` is unity under non-trivial parameters
.lake/packages/mathlib/Mathlib/Analysis/SpecialFunctions/OrdinaryHypergeometric.lean:44:`₂F₁` is notation for `ordinaryHypergeometric`.
.lake/packages/mathlib/Mathlib/Analysis/SpecialFunctions/OrdinaryHypergeometric.lean:48:See <https://en.wikipedia.org/wiki/Hypergeometric_function>.
.lake/packages/mathlib/Mathlib/Analysis/SpecialFunctions/OrdinaryHypergeometric.lean:52:hypergeometric, gaussian, ordinary
.lake/packages/mathlib/Mathlib/Analysis/SpecialFunctions/OrdinaryHypergeometric.lean:64:/-- The coefficients in the ordinary hypergeometric sum. -/
.lake/packages/mathlib/Mathlib/Analysis/SpecialFunctions/OrdinaryHypergeometric.lean:65:noncomputable abbrev ordinaryHypergeometricCoefficient (a b c : 𝕂) (n : ℕ) := ((n !⁻¹ : 𝕂) *
.lake/packages/mathlib/Mathlib/Analysis/SpecialFunctions/OrdinaryHypergeometric.lean:68:/-- `ordinaryHypergeometricSeries 𝔸 (a b c : 𝕂)` is a `FormalMultilinearSeries`.
.lake/packages/mathlib/Mathlib/Analysis/SpecialFunctions/OrdinaryHypergeometric.lean:69:Its sum is the `ordinaryHypergeometric` map. -/
.lake/packages/mathlib/Mathlib/Analysis/SpecialFunctions/OrdinaryHypergeometric.lean:70:noncomputable def ordinaryHypergeometricSeries (a b c : 𝕂) : FormalMultilinearSeries 𝕂 𝔸 𝔸 :=
.lake/packages/mathlib/Mathlib/Analysis/SpecialFunctions/OrdinaryHypergeometric.lean:71:  ofScalars 𝔸 (ordinaryHypergeometricCoefficient a b c)
.lake/packages/mathlib/Mathlib/Analysis/SpecialFunctions/OrdinaryHypergeometric.lean:75:/-- `ordinaryHypergeometric (a b c : 𝕂) : 𝔸 → 𝔸`, denoted `₂F₁`, is the ordinary hypergeometric map,
.lake/packages/mathlib/Mathlib/Analysis/SpecialFunctions/OrdinaryHypergeometric.lean:76:defined as the sum of the `FormalMultilinearSeries` `ordinaryHypergeometricSeries 𝔸 a b c`.
.lake/packages/mathlib/Mathlib/Analysis/SpecialFunctions/OrdinaryHypergeometric.lean:80:noncomputable def ordinaryHypergeometric (x : 𝔸) : 𝔸 :=
.lake/packages/mathlib/Mathlib/Analysis/SpecialFunctions/OrdinaryHypergeometric.lean:81:  (ordinaryHypergeometricSeries 𝔸 a b c).sum x
.lake/packages/mathlib/Mathlib/Analysis/SpecialFunctions/OrdinaryHypergeometric.lean:84:notation "₂F₁" => ordinaryHypergeometric
.lake/packages/mathlib/Mathlib/Analysis/SpecialFunctions/OrdinaryHypergeometric.lean:86:theorem ordinaryHypergeometricSeries_apply_eq (x : 𝔸) (n : ℕ) :
.lake/packages/mathlib/Mathlib/Analysis/SpecialFunctions/OrdinaryHypergeometric.lean:87:    (ordinaryHypergeometricSeries 𝔸 a b c n fun _ => x) =
.lake/packages/mathlib/Mathlib/Analysis/SpecialFunctions/OrdinaryHypergeometric.lean:90:  rw [ordinaryHypergeometricSeries, ofScalars_apply_eq]
.lake/packages/mathlib/Mathlib/Analysis/SpecialFunctions/OrdinaryHypergeometric.lean:93:theorem ordinaryHypergeometricSeries_apply_eq' (x : 𝔸) :
.lake/packages/mathlib/Mathlib/Analysis/SpecialFunctions/OrdinaryHypergeometric.lean:94:    (fun n => ordinaryHypergeometricSeries 𝔸 a b c n fun _ => x) =
.lake/packages/mathlib/Mathlib/Analysis/SpecialFunctions/OrdinaryHypergeometric.lean:97:  rw [ordinaryHypergeometricSeries, ofScalars_apply_eq']
.lake/packages/mathlib/Mathlib/Analysis/SpecialFunctions/OrdinaryHypergeometric.lean:99:theorem ordinaryHypergeometric_sum_eq (x : 𝔸) : (ordinaryHypergeometricSeries 𝔸 a b c).sum x =
.lake/packages/mathlib/Mathlib/Analysis/SpecialFunctions/OrdinaryHypergeometric.lean:102:  tsum_congr fun n => ordinaryHypergeometricSeries_apply_eq a b c x n
.lake/packages/mathlib/Mathlib/Analysis/SpecialFunctions/OrdinaryHypergeometric.lean:104:theorem ordinaryHypergeometric_eq_tsum : ₂F₁ a b c =
.lake/packages/mathlib/Mathlib/Analysis/SpecialFunctions/OrdinaryHypergeometric.lean:107:  funext (ordinaryHypergeometric_sum_eq a b c)
.lake/packages/mathlib/Mathlib/Analysis/SpecialFunctions/OrdinaryHypergeometric.lean:109:theorem ordinaryHypergeometricSeries_apply_zero (n : ℕ) :
.lake/packages/mathlib/Mathlib/Analysis/SpecialFunctions/OrdinaryHypergeometric.lean:110:    ordinaryHypergeometricSeries 𝔸 a b c n (fun _ => 0) = Pi.single (M := fun _ => 𝔸) 0 1 n := by
.lake/packages/mathlib/Mathlib/Analysis/SpecialFunctions/OrdinaryHypergeometric.lean:111:  rw [ordinaryHypergeometricSeries, ofScalars_apply_eq, ordinaryHypergeometricCoefficient]
.lake/packages/mathlib/Mathlib/Analysis/SpecialFunctions/OrdinaryHypergeometric.lean:115:theorem ordinaryHypergeometric_zero : ₂F₁ a b c (0 : 𝔸) = 1 := by
.lake/packages/mathlib/Mathlib/Analysis/SpecialFunctions/OrdinaryHypergeometric.lean:116:  simp [ordinaryHypergeometric_eq_tsum, ← ordinaryHypergeometricSeries_apply_eq,
.lake/packages/mathlib/Mathlib/Analysis/SpecialFunctions/OrdinaryHypergeometric.lean:117:    ordinaryHypergeometricSeries_apply_zero]
.lake/packages/mathlib/Mathlib/Analysis/SpecialFunctions/OrdinaryHypergeometric.lean:119:theorem ordinaryHypergeometricSeries_symm :
.lake/packages/mathlib/Mathlib/Analysis/SpecialFunctions/OrdinaryHypergeometric.lean:120:    ordinaryHypergeometricSeries 𝔸 a b c = ordinaryHypergeometricSeries 𝔸 b a c := by
.lake/packages/mathlib/Mathlib/Analysis/SpecialFunctions/OrdinaryHypergeometric.lean:121:  unfold ordinaryHypergeometricSeries ordinaryHypergeometricCoefficient
.lake/packages/mathlib/Mathlib/Analysis/SpecialFunctions/OrdinaryHypergeometric.lean:126:lemma ordinaryHypergeometricSeries_eq_zero_of_neg_nat {n k : ℕ} (habc : k = -a ∨ k = -b ∨ k = -c)
.lake/packages/mathlib/Mathlib/Analysis/SpecialFunctions/OrdinaryHypergeometric.lean:127:    (hk : k < n) : ordinaryHypergeometricSeries 𝔸 a b c n = 0 := by
.lake/packages/mathlib/Mathlib/Analysis/SpecialFunctions/OrdinaryHypergeometric.lean:128:  rw [ordinaryHypergeometricSeries, ofScalars]
.lake/packages/mathlib/Mathlib/Analysis/SpecialFunctions/OrdinaryHypergeometric.lean:145:theorem ordinaryHypergeometric_radius_top_of_neg_nat₁ {k : ℕ} :
.lake/packages/mathlib/Mathlib/Analysis/SpecialFunctions/OrdinaryHypergeometric.lean:146:    (ordinaryHypergeometricSeries 𝔸 (-(k : 𝕂)) b c).radius = ⊤ := by
.lake/packages/mathlib/Mathlib/Analysis/SpecialFunctions/OrdinaryHypergeometric.lean:148:  exact ordinaryHypergeometricSeries_eq_zero_of_neg_nat (-(k : 𝕂)) b c (by aesop) (by lia)
.lake/packages/mathlib/Mathlib/Analysis/SpecialFunctions/OrdinaryHypergeometric.lean:150:theorem ordinaryHypergeometric_radius_top_of_neg_nat₂ {k : ℕ} :
.lake/packages/mathlib/Mathlib/Analysis/SpecialFunctions/OrdinaryHypergeometric.lean:151:    (ordinaryHypergeometricSeries 𝔸 a (-(k : 𝕂)) c).radius = ⊤ := by
.lake/packages/mathlib/Mathlib/Analysis/SpecialFunctions/OrdinaryHypergeometric.lean:152:  rw [ordinaryHypergeometricSeries_symm]
.lake/packages/mathlib/Mathlib/Analysis/SpecialFunctions/OrdinaryHypergeometric.lean:153:  exact ordinaryHypergeometric_radius_top_of_neg_nat₁ 𝔸 a c
.lake/packages/mathlib/Mathlib/Analysis/SpecialFunctions/OrdinaryHypergeometric.lean:155:theorem ordinaryHypergeometric_radius_top_of_neg_nat₃ {k : ℕ} :
.lake/packages/mathlib/Mathlib/Analysis/SpecialFunctions/OrdinaryHypergeometric.lean:156:    (ordinaryHypergeometricSeries 𝔸 a b (-(k : 𝕂))).radius = ⊤ := by
.lake/packages/mathlib/Mathlib/Analysis/SpecialFunctions/OrdinaryHypergeometric.lean:158:  exact ordinaryHypergeometricSeries_eq_zero_of_neg_nat a b (-(k : 𝕂)) (by aesop) (by lia)
.lake/packages/mathlib/Mathlib/Analysis/SpecialFunctions/OrdinaryHypergeometric.lean:160:/-- An iff variation on `ordinaryHypergeometricSeries_eq_zero_of_nonpos_int` for `[RCLike 𝕂]`. -/
.lake/packages/mathlib/Mathlib/Analysis/SpecialFunctions/OrdinaryHypergeometric.lean:161:lemma ordinaryHypergeometricSeries_eq_zero_iff (n : ℕ) :
.lake/packages/mathlib/Mathlib/Analysis/SpecialFunctions/OrdinaryHypergeometric.lean:162:    ordinaryHypergeometricSeries 𝔸 a b c n = 0 ↔ ∃ k < n, k = -a ∨ k = -b ∨ k = -c := by
.lake/packages/mathlib/Mathlib/Analysis/SpecialFunctions/OrdinaryHypergeometric.lean:164:  · rw [ordinaryHypergeometricSeries, ofScalars_eq_zero] at h
.lake/packages/mathlib/Mathlib/Analysis/SpecialFunctions/OrdinaryHypergeometric.lean:172:    exact ordinaryHypergeometricSeries_eq_zero_of_neg_nat a b c hn h
.lake/packages/mathlib/Mathlib/Analysis/SpecialFunctions/OrdinaryHypergeometric.lean:174:theorem ordinaryHypergeometricSeries_norm_div_succ_norm (n : ℕ)
.lake/packages/mathlib/Mathlib/Analysis/SpecialFunctions/OrdinaryHypergeometric.lean:176:    ‖ordinaryHypergeometricCoefficient a b c n‖ / ‖ordinaryHypergeometricCoefficient a b c n.succ‖ =
.lake/packages/mathlib/Mathlib/Analysis/SpecialFunctions/OrdinaryHypergeometric.lean:197:/-- The radius of convergence of `ordinaryHypergeometricSeries` is unity if none of the parameters
.lake/packages/mathlib/Mathlib/Analysis/SpecialFunctions/OrdinaryHypergeometric.lean:199:theorem ordinaryHypergeometricSeries_radius_eq_one
.lake/packages/mathlib/Mathlib/Analysis/SpecialFunctions/OrdinaryHypergeometric.lean:201:    (ordinaryHypergeometricSeries 𝔸 a b c).radius = 1 := by
.lake/packages/mathlib/Mathlib/Analysis/SpecialFunctions/OrdinaryHypergeometric.lean:204:    simp_rw [ordinaryHypergeometricSeries_norm_div_succ_norm a b c _ (fun n _ ↦ habc n)]
.lake/packages/mathlib/Mathlib/Analysis/SpecialFunctions/Elliptic/Weierstrass.lean:225:    (fun _ _ ↦ (ZLattice.summable_norm_rpow _ _ (by simp; norm_num)).mul_left _) fun r hr ↦
.lake/packages/mathlib/Mathlib/Analysis/SpecialFunctions/Elliptic/Weierstrass.lean:340:    (fun _ _ ↦ (ZLattice.summable_norm_rpow _ _ (by simp; norm_num)).mul_left _) fun r hr ↦
.lake/packages/mathlib/Mathlib/Analysis/SpecialFunctions/Elliptic/Weierstrass.lean:606:  refine Summable.hasSum (.of_norm_bounded (ZLattice.summable_norm_sub_zpow _
.lake/packages/mathlib/Mathlib/Analysis/SpecialFunctions/Elliptic/Weierstrass.lean:686:      (ZLattice.summable_norm_sub_zpow _ _ (by simp) _).mul_right _
.lake/packages/mathlib/Mathlib/Analysis/SpecialFunctions/Trigonometric/Chebyshev/RootsExtrema.lean:223:    exact cos_lt_cos_of_nonneg_of_le_pi (le_of_lt zero_lt) (le_refl π) lt_pi
.lake/packages/mathlib/Mathlib/Analysis/SpecialFunctions/Trigonometric/Chebyshev/RootsExtrema.lean:225:    exact cos_lt_cos_of_nonneg_of_le_pi (le_refl 0) (le_of_lt lt_pi) zero_lt
.lake/packages/mathlib/Mathlib/Analysis/SpecialFunctions/Trigonometric/Chebyshev/RootsExtrema.lean:240:    exact cos_lt_cos_of_nonneg_of_le_pi (le_of_lt zero_lt) (le_refl π) lt_pi
.lake/packages/mathlib/Mathlib/Analysis/SpecialFunctions/Trigonometric/Chebyshev/RootsExtrema.lean:242:    exact cos_lt_cos_of_nonneg_of_le_pi (le_refl 0) (le_of_lt lt_pi) zero_lt
.lake/packages/mathlib/Mathlib/Analysis/SpecialFunctions/Trigonometric/Angle.lean:764:  grind [sin_nonneg_of_nonneg_of_le_pi, sin_neg_of_neg_of_neg_pi_lt, toReal_mem_Ioc]
.lake/packages/mathlib/Mathlib/Analysis/SpecialFunctions/Trigonometric/Angle.lean:768:  grind [sin_nonneg_of_nonneg_of_le_pi, sin_neg_of_neg_of_neg_pi_lt, toReal_mem_Ioc]
.lake/packages/mathlib/Mathlib/Analysis/SpecialFunctions/Trigonometric/Angle.lean:811:theorem sign_coe_nonneg_of_nonneg_of_le_pi {θ : ℝ} (h0 : 0 ≤ θ) (hpi : θ ≤ π) :
.lake/packages/mathlib/Mathlib/Analysis/SpecialFunctions/Trigonometric/Angle.lean:814:  exact sin_nonneg_of_nonneg_of_le_pi h0 hpi
.lake/packages/mathlib/Mathlib/Analysis/SpecialFunctions/Trigonometric/Angle.lean:816:theorem sign_neg_coe_nonpos_of_nonneg_of_le_pi {θ : ℝ} (h0 : 0 ≤ θ) (hpi : θ ≤ π) :
.lake/packages/mathlib/Mathlib/Analysis/SpecialFunctions/Trigonometric/Angle.lean:819:  exact sin_nonneg_of_nonneg_of_le_pi h0 hpi
.lake/packages/mathlib/Mathlib/Analysis/SpecialFunctions/Trigonometric/Basic.lean:419:theorem sin_nonneg_of_nonneg_of_le_pi {x : ℝ} (h0x : 0 ≤ x) (hxp : x ≤ π) : 0 ≤ sin x :=
.lake/packages/mathlib/Mathlib/Analysis/SpecialFunctions/Trigonometric/Basic.lean:426:  neg_nonneg.1 <| sin_neg x ▸ sin_nonneg_of_nonneg_of_le_pi (neg_nonneg.2 hx0) (neg_le.1 hpx)
.lake/packages/mathlib/Mathlib/Analysis/SpecialFunctions/Trigonometric/Basic.lean:432:  · rw [abs_of_nonneg h, abs_of_nonneg (sin_nonneg_of_nonneg_of_le_pi h (abs_le.1 hx).2)]
.lake/packages/mathlib/Mathlib/Analysis/SpecialFunctions/Trigonometric/Basic.lean:475:  rw [← abs_sin_eq_sqrt_one_sub_cos_sq, abs_of_nonneg (sin_nonneg_of_nonneg_of_le_pi hl hu)]
.lake/packages/mathlib/Mathlib/Analysis/SpecialFunctions/Trigonometric/Basic.lean:491:  apply sin_nonneg_of_nonneg_of_le_pi <;> linarith
.lake/packages/mathlib/Mathlib/Analysis/SpecialFunctions/Trigonometric/Basic.lean:563:theorem cos_lt_cos_of_nonneg_of_le_pi {x y : ℝ} (hx₁ : 0 ≤ x) (hy₂ : y ≤ π) (hxy : x < y) :
.lake/packages/mathlib/Mathlib/Analysis/SpecialFunctions/Trigonometric/Basic.lean:568:theorem cos_lt_cos_of_nonneg_of_le_pi_div_two {x y : ℝ} (hx₁ : 0 ≤ x) (hy₂ : y ≤ π / 2)
.lake/packages/mathlib/Mathlib/Analysis/SpecialFunctions/Trigonometric/Basic.lean:570:  cos_lt_cos_of_nonneg_of_le_pi hx₁ (hy₂.trans (by linarith)) hxy
.lake/packages/mathlib/Mathlib/Analysis/SpecialFunctions/Trigonometric/Basic.lean:573:  cos_lt_cos_of_nonneg_of_le_pi hx.1 hy.2 hxy
.lake/packages/mathlib/Mathlib/Analysis/SpecialFunctions/Trigonometric/Basic.lean:578:theorem cos_le_cos_of_nonneg_of_le_pi {x y : ℝ} (hx₁ : 0 ≤ x) (hy₂ : y ≤ π) (hxy : x ≤ y) :
.lake/packages/mathlib/Mathlib/Analysis/SpecialFunctions/Trigonometric/Basic.lean:709:  refine mul_nonneg (sin_nonneg_of_nonneg_of_le_pi ?_ ?_) zero_le_two
.lake/packages/mathlib/Mathlib/Analysis/SpecialFunctions/Trigonometric/Basic.lean:781:      refine cos_lt_cos_of_nonneg_of_le_pi ?_ le_rfl ?_ <;> linarith [pi_pos]
.lake/packages/mathlib/Mathlib/Analysis/SpecialFunctions/Trigonometric/Basic.lean:895:theorem tan_nonneg_of_nonneg_of_le_pi_div_two {x : ℝ} (h0x : 0 ≤ x) (hxp : x ≤ π / 2) : 0 ≤ tan x :=
.lake/packages/mathlib/Mathlib/Analysis/SpecialFunctions/Trigonometric/Basic.lean:906:  neg_nonneg.1 (tan_neg x ▸ tan_nonneg_of_nonneg_of_le_pi_div_two (by linarith) (by linarith))
.lake/packages/mathlib/Mathlib/Analysis/SpecialFunctions/Trigonometric/Basic.lean:1258:      Real.cos_le_cos_of_nonneg_of_le_pi (_root_.abs_nonneg _)
.lake/packages/mathlib/Mathlib/Analysis/SpecialFunctions/Trigonometric/Cotangent.lean:64:  rw [cot_pi_eq_exp_ratio, h1, one_div, (tsum_geometric_of_norm_lt_one
.lake/packages/mathlib/Mathlib/Analysis/SpecialFunctions/Trigonometric/Cotangent.lean:96:  have := summable_pow_div_add (x ^ 2) 2 1 Nat.one_lt_two
.lake/packages/mathlib/Mathlib/Analysis/SpecialFunctions/Trigonometric/Cotangent.lean:111:  · simpa using summable_pow_div_add (s : ℂ) 2 1 (Nat.one_lt_two)
.lake/packages/mathlib/Mathlib/Analysis/SpecialFunctions/Trigonometric/Cotangent.lean:213:  apply Summable.mul_left
.lake/packages/mathlib/Mathlib/Analysis/SpecialFunctions/Trigonometric/Cotangent.lean:295:  apply Summable.mul_left
.lake/packages/mathlib/Mathlib/Analysis/SpecialFunctions/Trigonometric/Cotangent.lean:299:  exact summable_nat_pow_inv.mpr <| by lia
.lake/packages/mathlib/Mathlib/Analysis/SpecialFunctions/Trigonometric/EulerSineProd.lean:258:    cos_lt_cos_of_nonneg_of_le_pi_div_two (le_refl 0) hy.2 (lt_of_le_of_ne hy.1 hy'.symm)
.lake/packages/mathlib/Mathlib/Analysis/SpecialFunctions/Trigonometric/Bounds.lean:106:      (sin_nonneg_of_nonneg_of_le_pi hx₀.le (by linarith [two_le_pi])) (by simp)
.lake/packages/mathlib/Mathlib/Analysis/SpecialFunctions/Trigonometric/Bounds.lean:224:      abs_of_nonneg (tan_nonneg_of_nonneg_of_le_pi_div_two hy1.le hy2'.le)]
.lake/packages/mathlib/Mathlib/Analysis/SpecialFunctions/ArithmeticGeometricMean.lean:12:# The arithmetic-geometric mean
.lake/packages/mathlib/Mathlib/Analysis/SpecialFunctions/ArithmeticGeometricMean.lean:15:geometric means. By the AM-GM inequality, the smaller number (geometric mean) will monotonically
.lake/packages/mathlib/Mathlib/Analysis/SpecialFunctions/ArithmeticGeometricMean.lean:18:The two monotone sequences converge to the same limit – the arithmetic-geometric mean (AGM).
.lake/packages/mathlib/Mathlib/Analysis/SpecialFunctions/ArithmeticGeometricMean.lean:23:* https://en.wikipedia.org/wiki/Arithmetic–geometric_mean
.lake/packages/mathlib/Mathlib/Analysis/SpecialFunctions/ArithmeticGeometricMean.lean:51:/-- `agmSequences x y` is the sequence of (geometric, arithmetic) means
.lake/packages/mathlib/Mathlib/Analysis/SpecialFunctions/ArithmeticGeometricMean.lean:52:converging to the arithmetic-geometric mean starting from `x` and `y`. -/
.lake/packages/mathlib/Mathlib/Analysis/SpecialFunctions/ArithmeticGeometricMean.lean:161:/-- The arithmetic-geometric mean of two `NNReal`s, defined as the infimum of arithmetic means. -/
.lake/packages/mathlib/Mathlib/Analysis/SpecialFunctions/ArithmeticGeometricMean.lean:192:/-- The AGM is also the supremum of the geometric means. -/
.lake/packages/mathlib/Mathlib/Analysis/SpecialFunctions/Complex/LogBounds.lean:247:  · refine (summable_geometric_of_norm_lt_one hz).norm.of_nonneg_of_le (fun _ ↦ norm_nonneg _) ?_
.lake/packages/mathlib/Mathlib/Analysis/SpecialFunctions/Log/Summable.lean:210:  refine .of_norm (hu.of_nonneg_of_le (fun i ↦ by positivity) fun i ↦ ?_)
.lake/packages/mathlib/Mathlib/Analysis/SpecialFunctions/Log/Deriv.lean:262:Note that thanks to the geometric series, the derivative has a particularly simple form, and means
.lake/packages/mathlib/Mathlib/Analysis/SpecialFunctions/Log/Deriv.lean:287:Note that thanks to the geometric series, the derivative has a particularly simple form, and means
.lake/packages/mathlib/Mathlib/Analysis/SpecialFunctions/Log/Deriv.lean:365:  refine .of_norm_bounded (summable_geometric_of_lt_one (abs_nonneg _) h) fun i => ?_
.lake/packages/mathlib/Mathlib/Analysis/SpecialFunctions/Stirling.lean:106:    have := (hasSum_geometric_of_lt_one h_nonneg ?_).mul_left (((1 : ℝ) / (2 * ↑(n + 1) + 1)) ^ 2)
.lake/packages/mathlib/Mathlib/Analysis/SpecialFunctions/Stirling.lean:132:  grind [((hasSum_geometric_of_lt_one (by positivity) hr1).mul_right r).div_const 3]
.lake/packages/mathlib/Mathlib/Analysis/SpecificLimits/Normed.lean:269:/-- A normed ring has summable geometric series if, for all `ξ` of norm `< 1`, the geometric series
.lake/packages/mathlib/Mathlib/Analysis/SpecificLimits/Normed.lean:273:  summable_geometric_of_norm_lt_one : ∀ (ξ : K), ‖ξ‖ < 1 → Summable (fun n ↦ ξ ^ n)
.lake/packages/mathlib/Mathlib/Analysis/SpecificLimits/Normed.lean:275:lemma summable_geometric_of_norm_lt_one {K : Type*} [NormedRing K] [HasSummableGeomSeries K]
.lake/packages/mathlib/Mathlib/Analysis/SpecificLimits/Normed.lean:277:  HasSummableGeomSeries.summable_geometric_of_norm_lt_one x h
.lake/packages/mathlib/Mathlib/Analysis/SpecificLimits/Normed.lean:282:  have h1 : Summable fun n : ℕ ↦ ‖x‖ ^ n := summable_geometric_of_lt_one (norm_nonneg _) hx
.lake/packages/mathlib/Mathlib/Analysis/SpecificLimits/Normed.lean:291:/-- Bound for the sum of a geometric series in a normed ring. This formula does not assume that the
.lake/packages/mathlib/Mathlib/Analysis/SpecificLimits/Normed.lean:293:theorem tsum_geometric_le_of_norm_lt_one (x : R) (h : ‖x‖ < 1) :
.lake/packages/mathlib/Mathlib/Analysis/SpecificLimits/Normed.lean:301:      convert (hasSum_nat_add_iff' 1).mpr (hasSum_geometric_of_lt_one (norm_nonneg x) h)
.lake/packages/mathlib/Mathlib/Analysis/SpecificLimits/Normed.lean:313:  (summable_geometric_of_norm_lt_one h).tsum_pow_mul_one_sub
.lake/packages/mathlib/Mathlib/Analysis/SpecificLimits/Normed.lean:316:  (summable_geometric_of_norm_lt_one h).one_sub_mul_tsum_pow
.lake/packages/mathlib/Mathlib/Analysis/SpecificLimits/Normed.lean:319:  rw [eq_sub_iff_add_eq, (summable_geometric_of_norm_lt_one h).tsum_eq_zero_add,
.lake/packages/mathlib/Mathlib/Analysis/SpecificLimits/Normed.lean:324:  simp_rw [← (summable_geometric_of_norm_lt_one h).tsum_mul_left, ← _root_.pow_succ']
.lake/packages/mathlib/Mathlib/Analysis/SpecificLimits/Normed.lean:330:/-- In a normed ring with summable geometric series, a perturbation of `1` by an element `t`
.lake/packages/mathlib/Mathlib/Analysis/SpecificLimits/Normed.lean:347:  convert (summable_geometric_of_norm_lt_one h).hasSum
.lake/packages/mathlib/Mathlib/Analysis/SpecificLimits/Normed.lean:359:theorem hasSum_geometric_of_norm_lt_one (h : ‖ξ‖ < 1) : HasSum (fun n : ℕ ↦ ξ ^ n) (1 - ξ)⁻¹ := by
.lake/packages/mathlib/Mathlib/Analysis/SpecificLimits/Normed.lean:367:  · simp [norm_pow, summable_geometric_of_lt_one (norm_nonneg _) h]
.lake/packages/mathlib/Mathlib/Analysis/SpecificLimits/Normed.lean:370:  ⟨fun _ h ↦ (hasSum_geometric_of_norm_lt_one h).summable⟩
.lake/packages/mathlib/Mathlib/Analysis/SpecificLimits/Normed.lean:372:theorem tsum_geometric_of_norm_lt_one (h : ‖ξ‖ < 1) : ∑' n : ℕ, ξ ^ n = (1 - ξ)⁻¹ :=
.lake/packages/mathlib/Mathlib/Analysis/SpecificLimits/Normed.lean:373:  (hasSum_geometric_of_norm_lt_one h).tsum_eq
.lake/packages/mathlib/Mathlib/Analysis/SpecificLimits/Normed.lean:375:theorem hasSum_geometric_of_abs_lt_one {r : ℝ} (h : |r| < 1) :
.lake/packages/mathlib/Mathlib/Analysis/SpecificLimits/Normed.lean:377:  hasSum_geometric_of_norm_lt_one h
.lake/packages/mathlib/Mathlib/Analysis/SpecificLimits/Normed.lean:379:theorem summable_geometric_of_abs_lt_one {r : ℝ} (h : |r| < 1) : Summable fun n : ℕ ↦ r ^ n :=
.lake/packages/mathlib/Mathlib/Analysis/SpecificLimits/Normed.lean:380:  summable_geometric_of_norm_lt_one h
.lake/packages/mathlib/Mathlib/Analysis/SpecificLimits/Normed.lean:382:theorem tsum_geometric_of_abs_lt_one {r : ℝ} (h : |r| < 1) : ∑' n : ℕ, r ^ n = (1 - r)⁻¹ :=
.lake/packages/mathlib/Mathlib/Analysis/SpecificLimits/Normed.lean:383:  tsum_geometric_of_norm_lt_one h
.lake/packages/mathlib/Mathlib/Analysis/SpecificLimits/Normed.lean:385:/-- A geometric series in a normed field is summable iff the norm of the common ratio is less than
.lake/packages/mathlib/Mathlib/Analysis/SpecificLimits/Normed.lean:388:theorem summable_geometric_iff_norm_lt_one : (Summable fun n : ℕ ↦ ξ ^ n) ↔ ‖ξ‖ < 1 := by
.lake/packages/mathlib/Mathlib/Analysis/SpecificLimits/Normed.lean:389:  refine ⟨fun h ↦ ?_, summable_geometric_of_norm_lt_one⟩
.lake/packages/mathlib/Mathlib/Analysis/SpecificLimits/Normed.lean:402:theorem summable_norm_mul_geometric_of_norm_lt_one {k : ℕ} {r : R}
.lake/packages/mathlib/Mathlib/Analysis/SpecificLimits/Normed.lean:407:  apply summable_of_isBigO_nat (summable_geometric_of_lt_one ((norm_nonneg _).trans hrr'.le) h)
.lake/packages/mathlib/Mathlib/Analysis/SpecificLimits/Normed.lean:423:theorem summable_norm_pow_mul_geometric_of_norm_lt_one (k : ℕ) {r : R}
.lake/packages/mathlib/Mathlib/Analysis/SpecificLimits/Normed.lean:426:  exact summable_norm_mul_geometric_of_norm_lt_one (k := k) (u := fun n ↦ n ^ k) hr
.lake/packages/mathlib/Mathlib/Analysis/SpecificLimits/Normed.lean:429:theorem summable_norm_geometric_of_norm_lt_one {r : R}
.lake/packages/mathlib/Mathlib/Analysis/SpecificLimits/Normed.lean:431:  simpa using summable_norm_pow_mul_geometric_of_norm_lt_one 0 hr
.lake/packages/mathlib/Mathlib/Analysis/SpecificLimits/Normed.lean:435:lemma hasSum_choose_mul_geometric_of_norm_lt_one'
.lake/packages/mathlib/Mathlib/Analysis/SpecificLimits/Normed.lean:442:        apply summable_norm_mul_geometric_of_norm_lt_one (k := k) hr
.lake/packages/mathlib/Mathlib/Analysis/SpecificLimits/Normed.lean:452:        (summable_norm_geometric_of_norm_lt_one hr) (summable_geometric_of_norm_lt_one hr) with n
.lake/packages/mathlib/Mathlib/Analysis/SpecificLimits/Normed.lean:461:lemma summable_choose_mul_geometric_of_norm_lt_one (k : ℕ) {r : R} (hr : ‖r‖ < 1) :
.lake/packages/mathlib/Mathlib/Analysis/SpecificLimits/Normed.lean:463:  (hasSum_choose_mul_geometric_of_norm_lt_one' k hr).summable
.lake/packages/mathlib/Mathlib/Analysis/SpecificLimits/Normed.lean:465:lemma tsum_choose_mul_geometric_of_norm_lt_one' (k : ℕ) {r : R} (hr : ‖r‖ < 1) :
.lake/packages/mathlib/Mathlib/Analysis/SpecificLimits/Normed.lean:467:  (hasSum_choose_mul_geometric_of_norm_lt_one' k hr).tsum_eq
.lake/packages/mathlib/Mathlib/Analysis/SpecificLimits/Normed.lean:469:lemma hasSum_choose_mul_geometric_of_norm_lt_one
.lake/packages/mathlib/Mathlib/Analysis/SpecificLimits/Normed.lean:472:  convert hasSum_choose_mul_geometric_of_norm_lt_one' k hr
.lake/packages/mathlib/Mathlib/Analysis/SpecificLimits/Normed.lean:475:lemma tsum_choose_mul_geometric_of_norm_lt_one (k : ℕ) {r : 𝕜} (hr : ‖r‖ < 1) :
.lake/packages/mathlib/Mathlib/Analysis/SpecificLimits/Normed.lean:477:  (hasSum_choose_mul_geometric_of_norm_lt_one k hr).tsum_eq
.lake/packages/mathlib/Mathlib/Analysis/SpecificLimits/Normed.lean:479:lemma summable_descFactorial_mul_geometric_of_norm_lt_one (k : ℕ) {r : R} (hr : ‖r‖ < 1) :
.lake/packages/mathlib/Mathlib/Analysis/SpecificLimits/Normed.lean:481:  convert (summable_choose_mul_geometric_of_norm_lt_one k hr).mul_left (k.factorial : R)
.lake/packages/mathlib/Mathlib/Analysis/SpecificLimits/Normed.lean:486:theorem summable_pow_mul_geometric_of_norm_lt_one (k : ℕ) {r : R} (hr : ‖r‖ < 1) :
.lake/packages/mathlib/Mathlib/Analysis/SpecificLimits/Normed.lean:503:    apply (summable_descFactorial_mul_geometric_of_norm_lt_one k hr).sub
.lake/packages/mathlib/Mathlib/Analysis/SpecificLimits/Normed.lean:513:with summable geometric series. For a version in a field, using division instead of `Ring.inverse`,
.lake/packages/mathlib/Mathlib/Analysis/SpecificLimits/Normed.lean:514:see `hasSum_coe_mul_geometric_of_norm_lt_one`. -/
.lake/packages/mathlib/Mathlib/Analysis/SpecificLimits/Normed.lean:515:theorem hasSum_coe_mul_geometric_of_norm_lt_one'
.lake/packages/mathlib/Mathlib/Analysis/SpecificLimits/Normed.lean:519:    convert hasSum_choose_mul_geometric_of_norm_lt_one' 1 h with n
.lake/packages/mathlib/Mathlib/Analysis/SpecificLimits/Normed.lean:532:summable geometric series. For a version in a field, using division instead of `Ring.inverse`,
.lake/packages/mathlib/Mathlib/Analysis/SpecificLimits/Normed.lean:533:see `tsum_coe_mul_geometric_of_norm_lt_one`. -/
.lake/packages/mathlib/Mathlib/Analysis/SpecificLimits/Normed.lean:534:theorem tsum_coe_mul_geometric_of_norm_lt_one'
.lake/packages/mathlib/Mathlib/Analysis/SpecificLimits/Normed.lean:536:  (hasSum_coe_mul_geometric_of_norm_lt_one' hr).tsum_eq
.lake/packages/mathlib/Mathlib/Analysis/SpecificLimits/Normed.lean:539:theorem hasSum_coe_mul_geometric_of_norm_lt_one {r : 𝕜} (hr : ‖r‖ < 1) :
.lake/packages/mathlib/Mathlib/Analysis/SpecificLimits/Normed.lean:541:  convert hasSum_coe_mul_geometric_of_norm_lt_one' hr using 1
.lake/packages/mathlib/Mathlib/Analysis/SpecificLimits/Normed.lean:545:theorem tsum_coe_mul_geometric_of_norm_lt_one {r : 𝕜} (hr : ‖r‖ < 1) :
.lake/packages/mathlib/Mathlib/Analysis/SpecificLimits/Normed.lean:547:  (hasSum_coe_mul_geometric_of_norm_lt_one hr).tsum_eq
.lake/packages/mathlib/Mathlib/Analysis/SpecificLimits/Normed.lean:555:nonrec theorem SeminormedAddCommGroup.cauchySeq_of_le_geometric {C : ℝ} {r : ℝ} (hr : r < 1)
.lake/packages/mathlib/Mathlib/Analysis/SpecificLimits/Normed.lean:557:  cauchySeq_of_le_geometric r C hr (by simpa [dist_eq_norm] using h)
.lake/packages/mathlib/Mathlib/Analysis/SpecificLimits/Normed.lean:559:theorem dist_partial_sum_le_of_le_geometric (hf : ∀ n, ‖f n‖ ≤ C * r ^ n) (n : ℕ) :
.lake/packages/mathlib/Mathlib/Analysis/SpecificLimits/Normed.lean:566:theorem cauchySeq_finset_of_geometric_bound (hr : r < 1) (hf : ∀ n, ‖f n‖ ≤ C * r ^ n) :
.lake/packages/mathlib/Mathlib/Analysis/SpecificLimits/Normed.lean:569:    (aux_hasSum_of_le_geometric hr (dist_partial_sum_le_of_le_geometric hf)).summable hf
.lake/packages/mathlib/Mathlib/Analysis/SpecificLimits/Normed.lean:574:theorem norm_sub_le_of_geometric_bound_of_hasSum (hr : r < 1) (hf : ∀ n, ‖f n‖ ≤ C * r ^ n) {a : α}
.lake/packages/mathlib/Mathlib/Analysis/SpecificLimits/Normed.lean:577:  apply dist_le_of_le_geometric_of_tendsto r C hr (dist_partial_sum_le_of_le_geometric hf)
.lake/packages/mathlib/Mathlib/Analysis/SpecificLimits/Normed.lean:590:theorem cauchy_series_of_le_geometric {C : ℝ} {u : ℕ → α} {r : ℝ} (hr : r < 1)
.lake/packages/mathlib/Mathlib/Analysis/SpecificLimits/Normed.lean:592:  cauchySeq_of_le_geometric r C hr (by simp [h])
.lake/packages/mathlib/Mathlib/Analysis/SpecificLimits/Normed.lean:594:theorem NormedAddCommGroup.cauchy_series_of_le_geometric' {C : ℝ} {u : ℕ → α} {r : ℝ} (hr : r < 1)
.lake/packages/mathlib/Mathlib/Analysis/SpecificLimits/Normed.lean:596:  (cauchy_series_of_le_geometric hr h).comp_tendsto <| tendsto_add_atTop_nat 1
.lake/packages/mathlib/Mathlib/Analysis/SpecificLimits/Normed.lean:598:theorem NormedAddCommGroup.cauchy_series_of_le_geometric'' {C : ℝ} {u : ℕ → α} {N : ℕ} {r : ℝ}
.lake/packages/mathlib/Mathlib/Analysis/SpecificLimits/Normed.lean:608:    (NormedAddCommGroup.cauchy_series_of_le_geometric' hr₁ _)
.lake/packages/mathlib/Mathlib/Analysis/SpecificLimits/Normed.lean:627:/-! ### Summability tests based on comparison with geometric series -/
.lake/packages/mathlib/Mathlib/Analysis/SpecificLimits/Normed.lean:637:      (Summable.mul_left _ <| summable_geometric_of_lt_one hr₀ hr₁) fun n ↦ ?_
.lake/packages/mathlib/Mathlib/Analysis/SpecificLimits/Normed.lean:691:theorem summable_powerSeries_of_norm_lt {w z : α}
.lake/packages/mathlib/Mathlib/Analysis/SpecificLimits/Normed.lean:697:  refine cauchySeq_finset_of_geometric_bound (r := ‖z‖ / ‖w‖) (C := C) ((div_lt_one hw).mpr hz)
.lake/packages/mathlib/Mathlib/Analysis/SpecificLimits/Normed.lean:705:theorem summable_powerSeries_of_norm_lt_one {z : α}
.lake/packages/mathlib/Mathlib/Analysis/SpecificLimits/Normed.lean:708:  summable_powerSeries_of_norm_lt (w := 1) (by simp [h]) (by simp [hz])
.lake/packages/mathlib/Mathlib/Analysis/SpecificLimits/Normed.lean:895:theorem Real.summable_pow_div_factorial (x : ℝ) : Summable (fun n ↦ x ^ n / n ! : ℕ → ℝ) := by
.lake/packages/mathlib/Mathlib/Analysis/SpecificLimits/Basic.lean:317:theorem hasSum_geometric_of_lt_one {r : ℝ} (h₁ : 0 ≤ r) (h₂ : r < 1) :
.lake/packages/mathlib/Mathlib/Analysis/SpecificLimits/Basic.lean:325:theorem summable_geometric_of_lt_one {r : ℝ} (h₁ : 0 ≤ r) (h₂ : r < 1) :
.lake/packages/mathlib/Mathlib/Analysis/SpecificLimits/Basic.lean:327:  ⟨_, hasSum_geometric_of_lt_one h₁ h₂⟩
.lake/packages/mathlib/Mathlib/Analysis/SpecificLimits/Basic.lean:330:theorem tsum_geometric_of_lt_one {r : ℝ} (h₁ : 0 ≤ r) (h₂ : r < 1) : ∑' n : ℕ, r ^ n = (1 - r)⁻¹ :=
.lake/packages/mathlib/Mathlib/Analysis/SpecificLimits/Basic.lean:331:  (hasSum_geometric_of_lt_one h₁ h₂).tsum_eq
.lake/packages/mathlib/Mathlib/Analysis/SpecificLimits/Basic.lean:333:theorem hasSum_geometric_two : HasSum (fun n : ℕ ↦ ((1 : ℝ) / 2) ^ n) 2 := by
.lake/packages/mathlib/Mathlib/Analysis/SpecificLimits/Basic.lean:334:  convert hasSum_geometric_of_lt_one _ _ <;> norm_num
.lake/packages/mathlib/Mathlib/Analysis/SpecificLimits/Basic.lean:336:theorem summable_geometric_two : Summable fun n : ℕ ↦ ((1 : ℝ) / 2) ^ n :=
.lake/packages/mathlib/Mathlib/Analysis/SpecificLimits/Basic.lean:337:  ⟨_, hasSum_geometric_two⟩
.lake/packages/mathlib/Mathlib/Analysis/SpecificLimits/Basic.lean:339:theorem summable_geometric_two_encode {ι : Type*} [Encodable ι] :
.lake/packages/mathlib/Mathlib/Analysis/SpecificLimits/Basic.lean:341:  summable_geometric_two.comp_injective Encodable.encode_injective
.lake/packages/mathlib/Mathlib/Analysis/SpecificLimits/Basic.lean:343:theorem tsum_geometric_two : (∑' n : ℕ, ((1 : ℝ) / 2) ^ n) = 2 :=
.lake/packages/mathlib/Mathlib/Analysis/SpecificLimits/Basic.lean:344:  hasSum_geometric_two.tsum_eq
.lake/packages/mathlib/Mathlib/Analysis/SpecificLimits/Basic.lean:346:theorem sum_geometric_two_le (n : ℕ) : (∑ i ∈ range n, (1 / (2 : ℝ)) ^ i) ≤ 2 := by
.lake/packages/mathlib/Mathlib/Analysis/SpecificLimits/Basic.lean:351:  convert summable_geometric_two.sum_le_tsum (range n) (fun i _ ↦ this i)
.lake/packages/mathlib/Mathlib/Analysis/SpecificLimits/Basic.lean:352:  exact tsum_geometric_two.symm
.lake/packages/mathlib/Mathlib/Analysis/SpecificLimits/Basic.lean:354:theorem tsum_geometric_inv_two : (∑' n : ℕ, (2 : ℝ)⁻¹ ^ n) = 2 :=
.lake/packages/mathlib/Mathlib/Analysis/SpecificLimits/Basic.lean:355:  (inv_eq_one_div (2 : ℝ)).symm ▸ tsum_geometric_two
.lake/packages/mathlib/Mathlib/Analysis/SpecificLimits/Basic.lean:358:theorem tsum_geometric_inv_two_ge (n : ℕ) :
.lake/packages/mathlib/Mathlib/Analysis/SpecificLimits/Basic.lean:362:      using summable_geometric_two.indicator {i | n ≤ i}
.lake/packages/mathlib/Mathlib/Analysis/SpecificLimits/Basic.lean:367:    le_add_iff_nonneg_left, pow_add, _root_.tsum_mul_right, tsum_geometric_inv_two]
.lake/packages/mathlib/Mathlib/Analysis/SpecificLimits/Basic.lean:369:theorem hasSum_geometric_two' (a : ℝ) : HasSum (fun n : ℕ ↦ a / 2 / 2 ^ n) a := by
.lake/packages/mathlib/Mathlib/Analysis/SpecificLimits/Basic.lean:371:      (hasSum_geometric_of_lt_one (le_of_lt one_half_pos) one_half_lt_one) using 1
.lake/packages/mathlib/Mathlib/Analysis/SpecificLimits/Basic.lean:377:theorem summable_geometric_two' (a : ℝ) : Summable fun n : ℕ ↦ a / 2 / 2 ^ n :=
.lake/packages/mathlib/Mathlib/Analysis/SpecificLimits/Basic.lean:378:  ⟨a, hasSum_geometric_two' a⟩
.lake/packages/mathlib/Mathlib/Analysis/SpecificLimits/Basic.lean:380:theorem tsum_geometric_two' (a : ℝ) : ∑' n : ℕ, a / 2 / 2 ^ n = a :=
.lake/packages/mathlib/Mathlib/Analysis/SpecificLimits/Basic.lean:381:  (hasSum_geometric_two' a).tsum_eq
.lake/packages/mathlib/Mathlib/Analysis/SpecificLimits/Basic.lean:384:theorem NNReal.hasSum_geometric {r : ℝ≥0} (hr : r < 1) : HasSum (fun n : ℕ ↦ r ^ n) (1 - r)⁻¹ := by
.lake/packages/mathlib/Mathlib/Analysis/SpecificLimits/Basic.lean:388:  exact hasSum_geometric_of_lt_one r.coe_nonneg hr
.lake/packages/mathlib/Mathlib/Analysis/SpecificLimits/Basic.lean:390:theorem NNReal.summable_geometric {r : ℝ≥0} (hr : r < 1) : Summable fun n : ℕ ↦ r ^ n :=
.lake/packages/mathlib/Mathlib/Analysis/SpecificLimits/Basic.lean:391:  ⟨_, NNReal.hasSum_geometric hr⟩
.lake/packages/mathlib/Mathlib/Analysis/SpecificLimits/Basic.lean:393:theorem NNReal.tsum_geometric {r : ℝ≥0} (hr : r < 1) : ∑' n : ℕ, r ^ n = (1 - r)⁻¹ :=
.lake/packages/mathlib/Mathlib/Analysis/SpecificLimits/Basic.lean:394:  (NNReal.hasSum_geometric hr).tsum_eq
.lake/packages/mathlib/Mathlib/Analysis/SpecificLimits/Basic.lean:396:@[deprecated (since := "2026-03-18")] alias tsum_geometric_nnreal := NNReal.tsum_geometric
.lake/packages/mathlib/Mathlib/Analysis/SpecificLimits/Basic.lean:401:theorem ENNReal.tsum_geometric (r : ℝ≥0∞) : ∑' n : ℕ, r ^ n = (1 - r)⁻¹ := by
.lake/packages/mathlib/Mathlib/Analysis/SpecificLimits/Basic.lean:405:    convert ENNReal.tsum_coe_eq (NNReal.hasSum_geometric hr)
.lake/packages/mathlib/Mathlib/Analysis/SpecificLimits/Basic.lean:414:theorem ENNReal.tsum_geometric_add_one (r : ℝ≥0∞) : ∑' n : ℕ, r ^ (n + 1) = r * (1 - r)⁻¹ := by
.lake/packages/mathlib/Mathlib/Analysis/SpecificLimits/Basic.lean:415:  simp only [_root_.pow_succ', ENNReal.tsum_mul_left, ENNReal.tsum_geometric]
.lake/packages/mathlib/Mathlib/Analysis/SpecificLimits/Basic.lean:420:    ENNReal.inv_pow, ENNReal.tsum_geometric_add_one, one_sub_inv_two, inv_inv]
.lake/packages/mathlib/Mathlib/Analysis/SpecificLimits/Basic.lean:425:protected lemma ENNReal.tsum_geometric_two : ∑' n, (2⁻¹ : ℝ≥0∞) ^ n = 2 := by simp
.lake/packages/mathlib/Mathlib/Analysis/SpecificLimits/Basic.lean:427:lemma ENNReal.tsum_geometric_two_encode_le_two {ι : Type*} [Encodable ι] :
.lake/packages/mathlib/Mathlib/Analysis/SpecificLimits/Basic.lean:429:  (ENNReal.tsum_comp_le_tsum_of_injective encode_injective _).trans_eq ENNReal.tsum_geometric_two
.lake/packages/mathlib/Mathlib/Analysis/SpecificLimits/Basic.lean:431:lemma tsum_geometric_lt_top {r : ℝ≥0∞} : ∑' n, r ^ n < ∞ ↔ r < 1 := by simp
.lake/packages/mathlib/Mathlib/Analysis/SpecificLimits/Basic.lean:433:lemma tsum_geometric_encode_lt_top {r : ℝ≥0∞} (hr : r < 1) {ι : Type*} [Encodable ι] :
.lake/packages/mathlib/Mathlib/Analysis/SpecificLimits/Basic.lean:440:### Sequences with geometrically decaying distance in metric spaces
.lake/packages/mathlib/Mathlib/Analysis/SpecificLimits/Basic.lean:443:between two consecutive terms decays geometrically. We show that such sequences are Cauchy
.lake/packages/mathlib/Mathlib/Analysis/SpecificLimits/Basic.lean:444:sequences, and bound their distances to the limit. We also discuss series with geometrically
.lake/packages/mathlib/Mathlib/Analysis/SpecificLimits/Basic.lean:457:theorem cauchySeq_of_edist_le_geometric : CauchySeq f := by
.lake/packages/mathlib/Mathlib/Analysis/SpecificLimits/Basic.lean:459:  rw [ENNReal.tsum_mul_left, ENNReal.tsum_geometric]
.lake/packages/mathlib/Mathlib/Analysis/SpecificLimits/Basic.lean:465:theorem edist_le_of_edist_le_geometric_of_tendsto {a : α} (ha : Tendsto f atTop (𝓝 a)) (n : ℕ) :
.lake/packages/mathlib/Mathlib/Analysis/SpecificLimits/Basic.lean:468:  simp only [pow_add, ENNReal.tsum_mul_left, ENNReal.tsum_geometric, div_eq_mul_inv, mul_assoc]
.lake/packages/mathlib/Mathlib/Analysis/SpecificLimits/Basic.lean:473:theorem edist_le_of_edist_le_geometric_of_tendsto₀ {a : α} (ha : Tendsto f atTop (𝓝 a)) :
.lake/packages/mathlib/Mathlib/Analysis/SpecificLimits/Basic.lean:475:  simpa only [_root_.pow_zero, mul_one] using edist_le_of_edist_le_geometric_of_tendsto r C hu ha 0
.lake/packages/mathlib/Mathlib/Analysis/SpecificLimits/Basic.lean:486:theorem cauchySeq_of_edist_le_geometric_two : CauchySeq f := by
.lake/packages/mathlib/Mathlib/Analysis/SpecificLimits/Basic.lean:488:  refine cauchySeq_of_edist_le_geometric 2⁻¹ C ?_ hC hu
.lake/packages/mathlib/Mathlib/Analysis/SpecificLimits/Basic.lean:494:theorem edist_le_of_edist_le_geometric_two_of_tendsto (n : ℕ) : edist (f n) a ≤ 2 * C / 2 ^ n := by
.lake/packages/mathlib/Mathlib/Analysis/SpecificLimits/Basic.lean:497:  convert edist_le_of_edist_le_geometric_of_tendsto 2⁻¹ C hu ha n using 1
.lake/packages/mathlib/Mathlib/Analysis/SpecificLimits/Basic.lean:503:theorem edist_le_of_edist_le_geometric_two_of_tendsto₀ : edist (f 0) a ≤ 2 * C := by
.lake/packages/mathlib/Mathlib/Analysis/SpecificLimits/Basic.lean:505:    edist_le_of_edist_le_geometric_two_of_tendsto C hu ha 0
.lake/packages/mathlib/Mathlib/Analysis/SpecificLimits/Basic.lean:518:theorem aux_hasSum_of_le_geometric : HasSum (fun n : ℕ ↦ C * r ^ n) (C / (1 - r)) := by
.lake/packages/mathlib/Mathlib/Analysis/SpecificLimits/Basic.lean:522:    simpa using hasSum_geometric_of_lt_one r₀ hr
.lake/packages/mathlib/Mathlib/Analysis/SpecificLimits/Basic.lean:528:theorem cauchySeq_of_le_geometric : CauchySeq f :=
.lake/packages/mathlib/Mathlib/Analysis/SpecificLimits/Basic.lean:529:  cauchySeq_of_dist_le_of_summable _ hu ⟨_, aux_hasSum_of_le_geometric hr hu⟩
.lake/packages/mathlib/Mathlib/Analysis/SpecificLimits/Basic.lean:533:theorem dist_le_of_le_geometric_of_tendsto₀ {a : α} (ha : Tendsto f atTop (𝓝 a)) :
.lake/packages/mathlib/Mathlib/Analysis/SpecificLimits/Basic.lean:535:  (aux_hasSum_of_le_geometric hr hu).tsum_eq ▸
.lake/packages/mathlib/Mathlib/Analysis/SpecificLimits/Basic.lean:536:    dist_le_tsum_of_dist_le_of_tendsto₀ _ hu ⟨_, aux_hasSum_of_le_geometric hr hu⟩ ha
.lake/packages/mathlib/Mathlib/Analysis/SpecificLimits/Basic.lean:540:theorem dist_le_of_le_geometric_of_tendsto {a : α} (ha : Tendsto f atTop (𝓝 a)) (n : ℕ) :
.lake/packages/mathlib/Mathlib/Analysis/SpecificLimits/Basic.lean:542:  have := aux_hasSum_of_le_geometric hr hu
.lake/packages/mathlib/Mathlib/Analysis/SpecificLimits/Basic.lean:554:theorem cauchySeq_of_le_geometric_two : CauchySeq f :=
.lake/packages/mathlib/Mathlib/Analysis/SpecificLimits/Basic.lean:555:  cauchySeq_of_dist_le_of_summable _ hu₂ <| ⟨_, hasSum_geometric_two' C⟩
.lake/packages/mathlib/Mathlib/Analysis/SpecificLimits/Basic.lean:559:theorem dist_le_of_le_geometric_two_of_tendsto₀ {a : α} (ha : Tendsto f atTop (𝓝 a)) :
.lake/packages/mathlib/Mathlib/Analysis/SpecificLimits/Basic.lean:561:  tsum_geometric_two' C ▸ dist_le_tsum_of_dist_le_of_tendsto₀ _ hu₂ (summable_geometric_two' C) ha
.lake/packages/mathlib/Mathlib/Analysis/SpecificLimits/Basic.lean:565:theorem dist_le_of_le_geometric_two_of_tendsto {a : α} (ha : Tendsto f atTop (𝓝 a)) (n : ℕ) :
.lake/packages/mathlib/Mathlib/Analysis/SpecificLimits/Basic.lean:567:  convert dist_le_tsum_of_dist_le_of_tendsto _ hu₂ (summable_geometric_two' C) ha n
.lake/packages/mathlib/Mathlib/Analysis/SpecificLimits/Basic.lean:570:  exact ((hasSum_geometric_two' C).div_const _).tsum_eq
.lake/packages/mathlib/Mathlib/Analysis/SpecificLimits/Basic.lean:574:/-! ### Summability tests based on comparison with geometric series -/
.lake/packages/mathlib/Mathlib/Analysis/SpecificLimits/Basic.lean:577:/-- A series whose terms are bounded by the terms of a converging geometric series converges. -/
.lake/packages/mathlib/Mathlib/Analysis/SpecificLimits/Basic.lean:578:theorem summable_one_div_pow_of_le {m : ℝ} {f : ℕ → ℕ} (hm : 1 < m) (fi : ∀ i, i ≤ f i) :
.lake/packages/mathlib/Mathlib/Analysis/SpecificLimits/Basic.lean:580:  refine .of_nonneg_of_le (fun a ↦ by positivity) (fun a ↦ ?_)
.lake/packages/mathlib/Mathlib/Analysis/SpecificLimits/Basic.lean:581:      (summable_geometric_of_lt_one (one_div_nonneg.mpr (zero_le_one.trans hm.le))
.lake/packages/mathlib/Mathlib/Analysis/SpecificLimits/Basic.lean:594:  have hf : HasSum f ε := hasSum_geometric_two' _
.lake/packages/mathlib/Mathlib/Analysis/SpecificLimits/ArithmeticGeometric.lean:11:# Arithmetic-geometric sequences
.lake/packages/mathlib/Mathlib/Analysis/SpecificLimits/ArithmeticGeometric.lean:13:An arithmetic-geometric sequence is a sequence defined by the recurrence relation
.lake/packages/mathlib/Mathlib/Analysis/SpecificLimits/ArithmeticGeometric.lean:18:* `arithGeom a b u₀`: arithmetic-geometric sequence with starting value `u₀` and recurrence relation
.lake/packages/mathlib/Mathlib/Analysis/SpecificLimits/ArithmeticGeometric.lean:39:/-- Arithmetic-geometric sequence with starting value `u₀` and recurrence relation
.lake/packages/mathlib/Mathlib/Analysis/ODE/PicardLindelof.lean:442:  apply le_trans <| hm.dist_iterate_succ_le_geometric α i
.lake/packages/mathlib/Mathlib/Analysis/ODE/PicardLindelof.lean:471:    convert hasSum_geometric_of_lt_one C.2 (h y hy).1 |>.tendsto_sum_nat
.lake/packages/mathlib/Mathlib/Analysis/MeanInequalitiesPow.lean:41:- prove that the power mean tends to the geometric mean as the exponent tends to zero.
.lake/packages/mathlib/Mathlib/Analysis/LocallyConvex/SeparatingDual.lean:21:and for locally convex topological spaces over `ℝ` (by the geometric Hahn-Banach theorem).
.lake/packages/mathlib/Mathlib/Analysis/LocallyConvex/SeparatingDual.lean:50:    rcases geometric_hahn_banach_point_point hx.symm with ⟨f, hf⟩
.lake/packages/mathlib/Mathlib/Analysis/LocallyConvex/SeparatingDual.lean:60:    RCLike.geometric_hahn_banach_point_point hx |>.imp fun f hf hf' ↦ by simp [hf'] at hf⟩
.lake/packages/mathlib/Mathlib/Analysis/LocallyConvex/SeparatingDual.lean:96:/-- See also `geometric_hahn_banach_point_point`. -/
.lake/packages/mathlib/Mathlib/Analysis/LocallyConvex/Separation.lean:18:In this file we prove the geometric Hahn-Banach theorem. For any two disjoint convex sets, there
.lake/packages/mathlib/Mathlib/Analysis/LocallyConvex/Separation.lean:19:exists a continuous linear functional separating them, geometrically meaning that we can intercalate
.lake/packages/mathlib/Mathlib/Analysis/LocallyConvex/Separation.lean:23:* `geometric_hahn_banach_open`: One set is open. Weak separation.
.lake/packages/mathlib/Mathlib/Analysis/LocallyConvex/Separation.lean:24:* `geometric_hahn_banach_open_point`, `geometric_hahn_banach_point_open`: One set is open, the
.lake/packages/mathlib/Mathlib/Analysis/LocallyConvex/Separation.lean:26:* `geometric_hahn_banach_open_open`: Both sets are open. Semistrict separation.
.lake/packages/mathlib/Mathlib/Analysis/LocallyConvex/Separation.lean:27:* `geometric_hahn_banach_of_nonempty_interior'`: One set has nonempty interior. Nonstrict
.lake/packages/mathlib/Mathlib/Analysis/LocallyConvex/Separation.lean:29:* `geometric_hahn_banach_of_nonempty_interior`: One set has nonempty interior, the other one is
.lake/packages/mathlib/Mathlib/Analysis/LocallyConvex/Separation.lean:31:* `geometric_hahn_banach_of_nonempty_interior_point`: One set has nonempty interior, the other one
.lake/packages/mathlib/Mathlib/Analysis/LocallyConvex/Separation.lean:34:* `geometric_hahn_banach_compact_closed`, `geometric_hahn_banach_closed_compact`: One set is closed,
.lake/packages/mathlib/Mathlib/Analysis/LocallyConvex/Separation.lean:36:* `geometric_hahn_banach_point_closed`, `geometric_hahn_banach_closed_point`: One set is closed, the
.lake/packages/mathlib/Mathlib/Analysis/LocallyConvex/Separation.lean:38:* `geometric_hahn_banach_point_point`: Both sets are singletons. Strict separation.
.lake/packages/mathlib/Mathlib/Analysis/LocallyConvex/Separation.lean:94:theorem geometric_hahn_banach_open (hs₁ : Convex ℝ s) (hs₂ : IsOpen s) (ht : Convex ℝ t)
.lake/packages/mathlib/Mathlib/Analysis/LocallyConvex/Separation.lean:124:theorem geometric_hahn_banach_open_point (hs₁ : Convex ℝ s) (hs₂ : IsOpen s) (disj : x ∉ s) :
.lake/packages/mathlib/Mathlib/Analysis/LocallyConvex/Separation.lean:127:    geometric_hahn_banach_open hs₁ hs₂ (convex_singleton x) (disjoint_singleton_right.2 disj)
.lake/packages/mathlib/Mathlib/Analysis/LocallyConvex/Separation.lean:130:theorem geometric_hahn_banach_point_open (ht₁ : Convex ℝ t) (ht₂ : IsOpen t) (disj : x ∉ t) :
.lake/packages/mathlib/Mathlib/Analysis/LocallyConvex/Separation.lean:132:  let ⟨f, hf⟩ := geometric_hahn_banach_open_point ht₁ ht₂ disj
.lake/packages/mathlib/Mathlib/Analysis/LocallyConvex/Separation.lean:135:theorem geometric_hahn_banach_open_open (hs₁ : Convex ℝ s) (hs₂ : IsOpen s) (ht₁ : Convex ℝ t)
.lake/packages/mathlib/Mathlib/Analysis/LocallyConvex/Separation.lean:142:  obtain ⟨f, s, hf₁, hf₂⟩ := geometric_hahn_banach_open hs₁ hs₂ ht₁ disj
.lake/packages/mathlib/Mathlib/Analysis/LocallyConvex/Separation.lean:154:theorem geometric_hahn_banach_of_nonempty_interior
.lake/packages/mathlib/Mathlib/Analysis/LocallyConvex/Separation.lean:159:    geometric_hahn_banach_open hs.interior isOpen_interior ht hst
.lake/packages/mathlib/Mathlib/Analysis/LocallyConvex/Separation.lean:172:`geometric_hahn_banach_of_nonempty_interior`; if `t = ∅`, the zero functional works. -/
.lake/packages/mathlib/Mathlib/Analysis/LocallyConvex/Separation.lean:173:theorem geometric_hahn_banach_of_nonempty_interior'
.lake/packages/mathlib/Mathlib/Analysis/LocallyConvex/Separation.lean:179:      geometric_hahn_banach_of_nonempty_interior hs ht hst hsint htne
.lake/packages/mathlib/Mathlib/Analysis/LocallyConvex/Separation.lean:185:theorem geometric_hahn_banach_of_nonempty_interior_point
.lake/packages/mathlib/Mathlib/Analysis/LocallyConvex/Separation.lean:189:    geometric_hahn_banach_of_nonempty_interior hA (convex_singleton x)
.lake/packages/mathlib/Mathlib/Analysis/LocallyConvex/Separation.lean:197:theorem geometric_hahn_banach_compact_closed (hs₁ : Convex ℝ s) (hs₂ : IsCompact s)
.lake/packages/mathlib/Mathlib/Analysis/LocallyConvex/Separation.lean:205:  obtain ⟨f, u, hf₁, hf₂⟩ := geometric_hahn_banach_open_open hU₁ hU hV₁ hV disj'
.lake/packages/mathlib/Mathlib/Analysis/LocallyConvex/Separation.lean:217:theorem geometric_hahn_banach_closed_compact (hs₁ : Convex ℝ s) (hs₂ : IsClosed s)
.lake/packages/mathlib/Mathlib/Analysis/LocallyConvex/Separation.lean:220:  let ⟨f, s, t, hs, st, ht⟩ := geometric_hahn_banach_compact_closed ht₁ ht₂ hs₁ hs₂ disj.symm
.lake/packages/mathlib/Mathlib/Analysis/LocallyConvex/Separation.lean:223:theorem geometric_hahn_banach_point_closed (ht₁ : Convex ℝ t) (ht₂ : IsClosed t) (disj : x ∉ t) :
.lake/packages/mathlib/Mathlib/Analysis/LocallyConvex/Separation.lean:226:    geometric_hahn_banach_compact_closed (convex_singleton x) isCompact_singleton ht₁ ht₂
.lake/packages/mathlib/Mathlib/Analysis/LocallyConvex/Separation.lean:230:theorem geometric_hahn_banach_closed_point (hs₁ : Convex ℝ s) (hs₂ : IsClosed s) (disj : x ∉ s) :
.lake/packages/mathlib/Mathlib/Analysis/LocallyConvex/Separation.lean:233:    geometric_hahn_banach_closed_compact hs₁ hs₂ (convex_singleton x) isCompact_singleton
.lake/packages/mathlib/Mathlib/Analysis/LocallyConvex/Separation.lean:238:theorem geometric_hahn_banach_point_point [T1Space E] (hxy : x ≠ y) :
.lake/packages/mathlib/Mathlib/Analysis/LocallyConvex/Separation.lean:241:    geometric_hahn_banach_compact_closed (convex_singleton x) isCompact_singleton
.lake/packages/mathlib/Mathlib/Analysis/LocallyConvex/Separation.lean:251:  obtain ⟨l, s, hlA, hl⟩ := geometric_hahn_banach_closed_point hs₁ hs₂ h
.lake/packages/mathlib/Mathlib/Analysis/LocallyConvex/Separation.lean:269:theorem geometric_hahn_banach_open (hs₁ : Convex ℝ s) (hs₂ : IsOpen s) (ht : Convex ℝ t)
.lake/packages/mathlib/Mathlib/Analysis/LocallyConvex/Separation.lean:273:  obtain ⟨f, u, h⟩ := _root_.geometric_hahn_banach_open hs₁ hs₂ ht disj
.lake/packages/mathlib/Mathlib/Analysis/LocallyConvex/Separation.lean:277:theorem geometric_hahn_banach_open_point (hs₁ : Convex ℝ s) (hs₂ : IsOpen s) (disj : x ∉ s) :
.lake/packages/mathlib/Mathlib/Analysis/LocallyConvex/Separation.lean:280:  obtain ⟨f, h⟩ := _root_.geometric_hahn_banach_open_point hs₁ hs₂ disj
.lake/packages/mathlib/Mathlib/Analysis/LocallyConvex/Separation.lean:284:theorem geometric_hahn_banach_point_open (ht₁ : Convex ℝ t) (ht₂ : IsOpen t) (disj : x ∉ t) :
.lake/packages/mathlib/Mathlib/Analysis/LocallyConvex/Separation.lean:286:  let ⟨f, hf⟩ := geometric_hahn_banach_open_point ht₁ ht₂ disj
.lake/packages/mathlib/Mathlib/Analysis/LocallyConvex/Separation.lean:289:theorem geometric_hahn_banach_open_open (hs₁ : Convex ℝ s) (hs₂ : IsOpen s)
.lake/packages/mathlib/Mathlib/Analysis/LocallyConvex/Separation.lean:293:  obtain ⟨f, u, h⟩ := _root_.geometric_hahn_banach_open_open hs₁ hs₂ ht₁ ht₃ disj
.lake/packages/mathlib/Mathlib/Analysis/LocallyConvex/Separation.lean:297:theorem geometric_hahn_banach_of_nonempty_interior
.lake/packages/mathlib/Mathlib/Analysis/LocallyConvex/Separation.lean:303:    _root_.geometric_hahn_banach_of_nonempty_interior hs ht hst hsint htne
.lake/packages/mathlib/Mathlib/Analysis/LocallyConvex/Separation.lean:311:`geometric_hahn_banach_of_nonempty_interior`; if `t = ∅`, the zero functional works. -/
.lake/packages/mathlib/Mathlib/Analysis/LocallyConvex/Separation.lean:312:theorem geometric_hahn_banach_of_nonempty_interior'
.lake/packages/mathlib/Mathlib/Analysis/LocallyConvex/Separation.lean:320:        geometric_hahn_banach_of_nonempty_interior hs ht hst hsint htne
.lake/packages/mathlib/Mathlib/Analysis/LocallyConvex/Separation.lean:327:theorem geometric_hahn_banach_of_nonempty_interior_point
.lake/packages/mathlib/Mathlib/Analysis/LocallyConvex/Separation.lean:331:  obtain ⟨f, hfne, hA'⟩ := _root_.geometric_hahn_banach_of_nonempty_interior_point hA hxA hAint
.lake/packages/mathlib/Mathlib/Analysis/LocallyConvex/Separation.lean:338:theorem geometric_hahn_banach_compact_closed (hs₁ : Convex ℝ s) (hs₂ : IsCompact s)
.lake/packages/mathlib/Mathlib/Analysis/LocallyConvex/Separation.lean:342:  obtain ⟨g, u, v, h1⟩ := _root_.geometric_hahn_banach_compact_closed hs₁ hs₂ ht₁ ht₂ disj
.lake/packages/mathlib/Mathlib/Analysis/LocallyConvex/Separation.lean:346:theorem geometric_hahn_banach_closed_compact (hs₁ : Convex ℝ s) (hs₂ : IsClosed s)
.lake/packages/mathlib/Mathlib/Analysis/LocallyConvex/Separation.lean:349:  let ⟨f, s, t, hs, st, ht⟩ := geometric_hahn_banach_compact_closed ht₁ ht₂ hs₁ hs₂ disj.symm
.lake/packages/mathlib/Mathlib/Analysis/LocallyConvex/Separation.lean:352:theorem geometric_hahn_banach_point_closed (ht₁ : Convex ℝ t) (ht₂ : IsClosed t)
.lake/packages/mathlib/Mathlib/Analysis/LocallyConvex/Separation.lean:355:    geometric_hahn_banach_compact_closed (convex_singleton x) isCompact_singleton ht₁ ht₂
.lake/packages/mathlib/Mathlib/Analysis/LocallyConvex/Separation.lean:359:theorem geometric_hahn_banach_closed_point (hs₁ : Convex ℝ s) (hs₂ : IsClosed s)
.lake/packages/mathlib/Mathlib/Analysis/LocallyConvex/Separation.lean:362:    geometric_hahn_banach_closed_compact hs₁ hs₂ (convex_singleton x) isCompact_singleton
.lake/packages/mathlib/Mathlib/Analysis/LocallyConvex/Separation.lean:366:theorem geometric_hahn_banach_point_point [T1Space E] (hxy : x ≠ y) :
.lake/packages/mathlib/Mathlib/Analysis/LocallyConvex/Separation.lean:369:    geometric_hahn_banach_compact_closed (𝕜 := 𝕜) (convex_singleton x) isCompact_singleton
.lake/packages/mathlib/Mathlib/Analysis/LocallyConvex/Separation.lean:378:  obtain ⟨l, s, hlA, hl⟩ := geometric_hahn_banach_closed_point (𝕜 := 𝕜) hs₁ hs₂ h
.lake/packages/mathlib/Mathlib/Analysis/LocallyConvex/Separation.lean:387:  obtain ⟨l, c, hls, hl⟩ := geometric_hahn_banach_closed_point (𝕜 := 𝕜) hs₁ hs₂ h
.lake/packages/mathlib/Mathlib/Analysis/LocallyConvex/WeakSpace.lean:47:  obtain ⟨f, u, hus, hux⟩ := RCLike.geometric_hahn_banach_closed_point (𝕜 := 𝕜)
.lake/packages/mathlib/Mathlib/Analysis/PSeriesComplex.lean:25:lemma Complex.summable_one_div_nat_cpow {p : ℂ} :
.lake/packages/mathlib/Mathlib/Analysis/PSeriesComplex.lean:27:  rw [← Real.summable_one_div_nat_rpow, ← summable_nat_add_iff 1 (G := ℝ),
.lake/packages/mathlib/Mathlib/Analysis/Calculus/ContDiff/Operations.lean:767:### Inversion in a complete normed algebra (or more generally with summable geometric series)
.lake/packages/mathlib/Mathlib/Analysis/Calculus/LagrangeMultipliers.lean:19:dependent. First we formulate a geometric version of this theorem which does not rely on the
.lake/packages/mathlib/Mathlib/Analysis/Calculus/InverseFunctionTheorem/ApproximatesLinearOn.lean:249:    refine cauchySeq_of_le_geometric _ (↑f'symm.nnnorm * dist (f b) y) Icf' fun n ↦ ?_
.lake/packages/mathlib/Mathlib/Analysis/Normed/Group/Completeness.lean:47:  refine Summable.of_nonneg_of_le (fun n => by positivity) ?_ summable_geometric_two
.lake/packages/mathlib/Mathlib/Analysis/Normed/Group/FunctionSeries.lean:40:    .of_nonneg_of_le (fun _ ↦ norm_nonneg _) (fun n => hfu n x hx) hu
.lake/packages/mathlib/Mathlib/Analysis/Normed/Group/FunctionSeries.lean:70:    apply Summable.of_nonneg_of_le (fun _ ↦ norm_nonneg _) _ (hu.subtype _)
.lake/packages/mathlib/Mathlib/Analysis/Normed/Group/ControlledClosure.lean:61:    apply NormedAddCommGroup.cauchy_series_of_le_geometric'' (by simp) one_half_lt_one
.lake/packages/mathlib/Mathlib/Analysis/Normed/Group/ControlledClosure.lean:97:        _ ≤ 2 * (ε * ‖h‖ / 2) := by gcongr; apply sum_geometric_two_le
.lake/packages/mathlib/Mathlib/Analysis/Normed/Module/FiniteDimension.lean:665:/-- This is a version of `summable_norm_mul_geometric_of_norm_lt_one` for more general codomains. We
.lake/packages/mathlib/Mathlib/Analysis/Normed/Module/FiniteDimension.lean:667:theorem summable_norm_mul_geometric_of_norm_lt_one' {F : Type*} [NormedRing F]
.lake/packages/mathlib/Mathlib/Analysis/Normed/Module/FiniteDimension.lean:671:  apply summable_of_isBigO_nat (summable_geometric_of_lt_one ((norm_nonneg _).trans hrr'.le) h).norm
.lake/packages/mathlib/Mathlib/Analysis/Normed/Lp/lpSpace.lean:144:    simp [Real.zero_rpow hp.ne', summable_zero]
.lake/packages/mathlib/Mathlib/Analysis/Normed/Lp/lpSpace.lean:263:  refine .of_nonneg_of_le ?_ (fun i => ?_) (((hf.summable hp).add (hg.summable hp)).mul_left C)
.lake/packages/mathlib/Mathlib/Analysis/Normed/Lp/lpSpace.lean:308:    simp_rw [← coe_nnnorm, ← NNReal.coe_rpow, ← NNReal.coe_mul, NNReal.summable_coe,
.lake/packages/mathlib/Mathlib/Analysis/Normed/Ring/InfiniteSum.lean:41:  .of_nonneg_of_le (fun _ ↦ norm_nonneg _)
.lake/packages/mathlib/Mathlib/Analysis/Normed/Ring/InfiniteSum.lean:99:  refine this.of_nonneg_of_le (fun _ => norm_nonneg _) (fun n ↦ ?_)
.lake/packages/mathlib/Mathlib/Analysis/Normed/Ring/InfiniteProd.lean:41:  have hsum_g : Summable (‖g ·‖) := h_sum.of_nonneg_of_le (fun _ ↦ norm_nonneg _) h_bound_g
.lake/packages/mathlib/Mathlib/Analysis/Normed/Ring/InfiniteProd.lean:52:  exact summable_finsetProd_of_summable_norm <| h_sum.of_nonneg_of_le (by grind) hn
.lake/packages/mathlib/Mathlib/Analysis/Normed/Ring/Units.lean:25:geometric series is an open subset of the ring.
.lake/packages/mathlib/Mathlib/Analysis/Normed/Ring/Units.lean:44:/-- In a normed ring with summable geometric series, a perturbation of a unit `x` by an
.lake/packages/mathlib/Mathlib/Analysis/Normed/Ring/Units.lean:60:/-- In a normed ring with summable geometric series, an element `y` of distance less
.lake/packages/mathlib/Mathlib/Analysis/Normed/Ring/Units.lean:66:/-- The group of units of a normed ring with summable geometric series is an open subset
.lake/packages/mathlib/Mathlib/Analysis/Normed/Ring/Units.lean:83:/-- The `nonunits` in a normed ring with summable geometric series are contained in the
.lake/packages/mathlib/Mathlib/Analysis/Normed/Ring/Units.lean:88:-- The `nonunits` in a normed ring with summable geometric series are a closed set
.lake/packages/mathlib/Mathlib/Analysis/Normed/Ring/Units.lean:114:  have := _root_.summable_geometric_of_norm_lt_one ht
.lake/packages/mathlib/Mathlib/Analysis/Normed/Ring/Units.lean:147:  have := tsum_geometric_le_of_norm_lt_one t ht'
.lake/packages/mathlib/Mathlib/Analysis/Normed/Ring/Units.lean:199:/-- In a normed ring with summable geometric series, the coercion from `Rˣ` (equipped with the
.lake/packages/mathlib/Mathlib/Analysis/Normed/Ring/Units.lean:206:/-- In a normed ring with summable geometric series, the coercion from `Rˣ` (equipped with the
.lake/packages/mathlib/Mathlib/Analysis/Normed/Ring/Units.lean:222:geometric series is proper. -/
.lake/packages/mathlib/Mathlib/Analysis/Normed/Ring/Units.lean:228:geometric series is the ideal itself. -/
.lake/packages/mathlib/Mathlib/Analysis/Normed/Ring/Units.lean:232:/-- Maximal ideals in normed rings with summable geometric series are closed. -/
.lake/packages/mathlib/Mathlib/Analysis/Normed/Operator/Banach.lean:194:    refine .of_nonneg_of_le (fun n => norm_nonneg _) ule ?_
.lake/packages/mathlib/Mathlib/Analysis/Normed/Operator/Banach.lean:195:    exact Summable.mul_right _ (summable_geometric_of_lt_one (by simp) (by norm_num))
.lake/packages/mathlib/Mathlib/Analysis/Normed/Operator/Banach.lean:202:        sNu.tsum_le_tsum ule <| Summable.mul_right _ summable_geometric_two
.lake/packages/mathlib/Mathlib/Analysis/Normed/Operator/Banach.lean:204:      _ = 2 * C * ‖y‖ := by rw [tsum_geometric_two, mul_assoc]
.lake/packages/mathlib/Mathlib/Analysis/Normed/Algebra/Spectrum.lean:349:      simpa [← smul_pow, (summable_geometric_of_norm_lt_one norm_lt).hasSum_iff] using
.lake/packages/mathlib/Mathlib/Analysis/Normed/Algebra/Spectrum.lean:380:    refine .of_norm_bounded_eventually (Real.summable_pow_div_factorial ‖a - ↑ₐ z‖) ?_
.lake/packages/mathlib/Mathlib/Analysis/SumOverResidueClass.lean:84:    exact hs.of_nonneg_of_le (fun _ ↦ hf₀ _)
.lake/packages/mathlib/Mathlib/Analysis/Analytic/Inverse.lean:313:hope this formula can lead to an at most geometric behavior.
.lake/packages/mathlib/Mathlib/Analysis/Analytic/Inverse.lean:336:hence its coefficients grow at most geometrically (by a contour integral argument), and therefore
.lake/packages/mathlib/Mathlib/Analysis/Analytic/Inverse.lean:337:the original `Qₙ`, which are bounded by these ones, are also at most geometric.
.lake/packages/mathlib/Mathlib/Analysis/Analytic/Inverse.lean:341:coefficients) to obtain an explicit geometric bound, but this would be very painful.
.lake/packages/mathlib/Mathlib/Analysis/Analytic/ConvergenceRadius.lean:227:theorem summable_norm_mul_pow (p : FormalMultilinearSeries 𝕜 E F) {r : ℝ≥0} (h : ↑r < p.radius) :
.lake/packages/mathlib/Mathlib/Analysis/Analytic/ConvergenceRadius.lean:230:  exact .of_nonneg_of_le (fun _ ↦ by positivity)
.lake/packages/mathlib/Mathlib/Analysis/Analytic/ConvergenceRadius.lean:231:    hp ((summable_geometric_of_lt_one ha.1.le ha.2).mul_left _)
.lake/packages/mathlib/Mathlib/Analysis/Analytic/ConvergenceRadius.lean:236:  refine .of_nonneg_of_le
.lake/packages/mathlib/Mathlib/Analysis/Analytic/ConvergenceRadius.lean:237:    (fun _ ↦ norm_nonneg _) (fun n ↦ ((p n).le_opNorm _).trans_eq ?_) (p.summable_norm_mul_pow hx)
.lake/packages/mathlib/Mathlib/Analysis/Analytic/ConvergenceRadius.lean:240:theorem summable_nnnorm_mul_pow (p : FormalMultilinearSeries 𝕜 E F) {r : ℝ≥0} (h : ↑r < p.radius) :
.lake/packages/mathlib/Mathlib/Analysis/Analytic/ConvergenceRadius.lean:244:  exact p.summable_norm_mul_pow h
.lake/packages/mathlib/Mathlib/Analysis/Analytic/ConvergenceRadius.lean:261:      (g := fun n ↦ (C : ℝ) * a ^ n) ((summable_geometric_of_lt_one ha.1.le ha.2).mul_left _)
.lake/packages/mathlib/Mathlib/Analysis/Analytic/ConvergenceRadius.lean:267:/-- If the radius of `p` is positive, then `‖pₙ‖` grows at most geometrically. -/
.lake/packages/mathlib/Mathlib/Analysis/Analytic/Composition.lean:440:geometric term). -/
.lake/packages/mathlib/Mathlib/Analysis/Analytic/Composition.lean:445:  /- This follows from the fact that the growth rate of `‖qₙ‖` and `‖pₙ‖` is at most geometric,
.lake/packages/mathlib/Mathlib/Analysis/Analytic/Composition.lean:446:    giving a geometric bound on each `‖q.compAlongComposition p op‖`, together with the
.lake/packages/mathlib/Mathlib/Analysis/Analytic/Composition.lean:447:    fact that there are `2^(n-1)` compositions of `n`, giving at most a geometric loss. -/
.lake/packages/mathlib/Mathlib/Analysis/Analytic/Composition.lean:485:  refine Summable.mul_left _ ?_
.lake/packages/mathlib/Mathlib/Analysis/Analytic/Composition.lean:491:  convert (NNReal.summable_geometric (NNReal.div_lt_one_of_lt one_lt_two)).mul_left (1 / 4) using 1
.lake/packages/mathlib/Mathlib/Analysis/Analytic/Composition.lean:703:  -- The terms defining `q.comp p` are geometrically summable in a disk of some radius `r`.
.lake/packages/mathlib/Mathlib/Analysis/Analytic/Basic.lean:620:  have S : Summable fun n ↦ ‖p n‖ * ↑r' ^ n := p.summable_norm_mul_pow (r'r.trans_le hf.r_le)
.lake/packages/mathlib/Mathlib/Analysis/Analytic/Basic.lean:682:`HasFPowerSeriesWithinOnBall.uniform_geometric_approx` for a weaker version. -/
.lake/packages/mathlib/Mathlib/Analysis/Analytic/Basic.lean:683:theorem HasFPowerSeriesWithinOnBall.uniform_geometric_approx' {r' : ℝ≥0}
.lake/packages/mathlib/Mathlib/Analysis/Analytic/Basic.lean:705:  apply norm_sub_le_of_geometric_bound_of_hasSum (ya.trans_lt ha.2) _ (hf.hasSum ys this)
.lake/packages/mathlib/Mathlib/Analysis/Analytic/Basic.lean:718:`HasFPowerSeriesOnBall.uniform_geometric_approx` for a weaker version. -/
.lake/packages/mathlib/Mathlib/Analysis/Analytic/Basic.lean:719:theorem HasFPowerSeriesOnBall.uniform_geometric_approx' {r' : ℝ≥0}
.lake/packages/mathlib/Mathlib/Analysis/Analytic/Basic.lean:724:  simpa using hf.uniform_geometric_approx' h
.lake/packages/mathlib/Mathlib/Analysis/Analytic/Basic.lean:728:theorem HasFPowerSeriesWithinOnBall.uniform_geometric_approx {r' : ℝ≥0}
.lake/packages/mathlib/Mathlib/Analysis/Analytic/Basic.lean:735:    hf.uniform_geometric_approx' h
.lake/packages/mathlib/Mathlib/Analysis/Analytic/Basic.lean:744:theorem HasFPowerSeriesOnBall.uniform_geometric_approx {r' : ℝ≥0}
.lake/packages/mathlib/Mathlib/Analysis/Analytic/Basic.lean:750:  simpa using hf.uniform_geometric_approx h
.lake/packages/mathlib/Mathlib/Analysis/Analytic/Basic.lean:761:    hf.uniform_geometric_approx' h
.lake/packages/mathlib/Mathlib/Analysis/Analytic/Basic.lean:831:      exact (hasSum_coe_mul_geometric_of_norm_lt_one this).add
.lake/packages/mathlib/Mathlib/Analysis/Analytic/Basic.lean:832:          ((hasSum_geometric_of_norm_lt_one this).mul_left 2)
.lake/packages/mathlib/Mathlib/Analysis/Analytic/Basic.lean:904:    x + y ∈ insert x s → ‖f (x + y) - p.partialSum n y‖ ≤ C * a ^ n := hf.uniform_geometric_approx h
.lake/packages/mathlib/Mathlib/Analysis/Analytic/Constructions.lean:776:/-- The geometric series `1 + x + x ^ 2 + ...` as a `FormalMultilinearSeries`. -/
.lake/packages/mathlib/Mathlib/Analysis/Analytic/Constructions.lean:777:def formalMultilinearSeries_geometric : FormalMultilinearSeries 𝕜 A A :=
.lake/packages/mathlib/Mathlib/Analysis/Analytic/Constructions.lean:780:/-- The geometric series as an `ofScalars` series. -/
.lake/packages/mathlib/Mathlib/Analysis/Analytic/Constructions.lean:781:theorem formalMultilinearSeries_geometric_eq_ofScalars :
.lake/packages/mathlib/Mathlib/Analysis/Analytic/Constructions.lean:782:    formalMultilinearSeries_geometric 𝕜 A =
.lake/packages/mathlib/Mathlib/Analysis/Analytic/Constructions.lean:785:    formalMultilinearSeries_geometric, one_smul, implies_true]
.lake/packages/mathlib/Mathlib/Analysis/Analytic/Constructions.lean:787:lemma formalMultilinearSeries_geometric_apply_norm_le (n : ℕ) :
.lake/packages/mathlib/Mathlib/Analysis/Analytic/Constructions.lean:788:    ‖formalMultilinearSeries_geometric 𝕜 A n‖ ≤ max 1 ‖(1 : A)‖ :=
.lake/packages/mathlib/Mathlib/Analysis/Analytic/Constructions.lean:791:lemma formalMultilinearSeries_geometric_apply_norm [NormOneClass A] (n : ℕ) :
.lake/packages/mathlib/Mathlib/Analysis/Analytic/Constructions.lean:792:    ‖formalMultilinearSeries_geometric 𝕜 A n‖ = 1 :=
.lake/packages/mathlib/Mathlib/Analysis/Analytic/Constructions.lean:795:lemma one_le_formalMultilinearSeries_geometric_radius :
.lake/packages/mathlib/Mathlib/Analysis/Analytic/Constructions.lean:796:    1 ≤ (formalMultilinearSeries_geometric 𝕜 A).radius := by
.lake/packages/mathlib/Mathlib/Analysis/Analytic/Constructions.lean:797:  convert formalMultilinearSeries_geometric_eq_ofScalars 𝕜 A ▸
.lake/packages/mathlib/Mathlib/Analysis/Analytic/Constructions.lean:801:lemma formalMultilinearSeries_geometric_radius [NormOneClass A] :
.lake/packages/mathlib/Mathlib/Analysis/Analytic/Constructions.lean:802:    (formalMultilinearSeries_geometric 𝕜 A).radius = 1 :=
.lake/packages/mathlib/Mathlib/Analysis/Analytic/Constructions.lean:803:  formalMultilinearSeries_geometric_eq_ofScalars 𝕜 A ▸
.lake/packages/mathlib/Mathlib/Analysis/Analytic/Constructions.lean:808:      (formalMultilinearSeries_geometric 𝕜 A) 0 1 := by
.lake/packages/mathlib/Mathlib/Analysis/Analytic/Constructions.lean:810:  · exact one_le_formalMultilinearSeries_geometric_radius 𝕜 A
.lake/packages/mathlib/Mathlib/Analysis/Analytic/Constructions.lean:815:      formalMultilinearSeries_geometric, ContinuousMultilinearMap.mkPiAlgebraFin_apply,
.lake/packages/mathlib/Mathlib/Analysis/Analytic/Constructions.lean:817:    exact (summable_geometric_of_norm_lt_one hy).hasSum
.lake/packages/mathlib/Mathlib/Analysis/Analytic/Constructions.lean:826:/-- If `A` is a normed algebra over `𝕜` with summable geometric series, then inversion on `A` is
.lake/packages/mathlib/Mathlib/Analysis/Analytic/Constructions.lean:864:    HasFPowerSeriesOnBall (fun x : 𝕝 ↦ (1 - x)⁻¹) (formalMultilinearSeries_geometric 𝕜 𝕝) 0 1 := by
.lake/packages/mathlib/Mathlib/Analysis/Analytic/OfScalars.lean:229:  have := FormalMultilinearSeries.summable_norm_mul_pow _ hr'
.lake/packages/mathlib/Mathlib/Analysis/Analytic/OfScalars.lean:271:  have := FormalMultilinearSeries.summable_norm_mul_pow _ hr
.lake/packages/mathlib/Mathlib/Analysis/Analytic/ChangeOrigin.lean:181:  exact p.summable_nnnorm_mul_pow hr
.lake/packages/mathlib/Mathlib/Analysis/Analytic/Binomial.lean:11:public import Mathlib.Analysis.SpecialFunctions.OrdinaryHypergeometric
.lake/packages/mathlib/Mathlib/Analysis/Analytic/Binomial.lean:59:theorem binomialSeries_eq_ordinaryHypergeometricSeries {𝕂 : Type u} [Field 𝕂] [CharZero 𝕂]
.lake/packages/mathlib/Mathlib/Analysis/Analytic/Binomial.lean:63:    (ordinaryHypergeometricSeries 𝔸 (-a) b b).compContinuousLinearMap (-(.id _ _)) := by
.lake/packages/mathlib/Mathlib/Analysis/Analytic/Binomial.lean:64:  simp only [binomialSeries, ordinaryHypergeometricSeries,
.lake/packages/mathlib/Mathlib/Analysis/Analytic/Binomial.lean:67:  rw [ordinaryHypergeometricCoefficient,
.lake/packages/mathlib/Mathlib/Analysis/Analytic/Binomial.lean:79:  simp [binomialSeries_eq_ordinaryHypergeometricSeries (b := (1 : 𝕂)) (by norm_cast; simp),
.lake/packages/mathlib/Mathlib/Analysis/Analytic/Binomial.lean:80:    ordinaryHypergeometric_radius_top_of_neg_nat₁]
.lake/packages/mathlib/Mathlib/Analysis/Analytic/Binomial.lean:85:  simp only [binomialSeries_eq_ordinaryHypergeometricSeries (b := (1 : 𝕂)) (by norm_cast; simp),
.lake/packages/mathlib/Mathlib/Analysis/Analytic/Binomial.lean:88:  exact ordinaryHypergeometricSeries_radius_eq_one _ _ _ _ (by norm_cast; grind)
.lake/packages/mathlib/Mathlib/Probability/Moments/IntegrableExpMul.lean:97:lemma integrable_exp_mul_of_nonneg_of_le [IsFiniteMeasure μ]
.lake/packages/mathlib/Mathlib/Probability/Distributions/Fernique.lean:535:    Real.summable_exp_nat_mul_of_ge ?_ (fun i ↦ mod_cast (Nat.lt_pow_self (by simp)).le)
.lake/packages/mathlib/Mathlib/Probability/Distributions/Geometric.lean:15:We define the geometric distributions over natural numbers. For `0 < p ≤ 1`, `geometricMeasure p`
.lake/packages/mathlib/Mathlib/Probability/Distributions/Geometric.lean:18:As the parameter `p` needs to lie between `0` and `1`, we define `geometricMeasure p` with
.lake/packages/mathlib/Mathlib/Probability/Distributions/Geometric.lean:23:follows a geometric distribution with parameter `p`.
.lake/packages/mathlib/Mathlib/Probability/Distributions/Geometric.lean:27:* `geometricMeasure p`: a geometric measure on a semiring `R`,
.lake/packages/mathlib/Mathlib/Probability/Distributions/Geometric.lean:33:`geometricMeasure 0 := Measure.dirac 0`. That way `IsProbabilityMeasure (geometricMeasure p)`
.lake/packages/mathlib/Mathlib/Probability/Distributions/Geometric.lean:38:geometric distribution
.lake/packages/mathlib/Mathlib/Probability/Distributions/Geometric.lean:51:/-- The geometric measure with success probability `p` as a measure over `ℕ`. -/
.lake/packages/mathlib/Mathlib/Probability/Distributions/Geometric.lean:52:noncomputable def geometricMeasure (p : unitInterval) : Measure ℕ := if p ≠ 0
.lake/packages/mathlib/Mathlib/Probability/Distributions/Geometric.lean:58:lemma geometricMeasure_eq (hp : p ≠ 0) :
.lake/packages/mathlib/Mathlib/Probability/Distributions/Geometric.lean:59:    geometricMeasure p =
.lake/packages/mathlib/Mathlib/Probability/Distributions/Geometric.lean:65:lemma geometricMeasure_nonneg (p : unitInterval) n :
.lake/packages/mathlib/Mathlib/Probability/Distributions/Geometric.lean:68:lemma geometricMeasure_pos (h1 : p ≠ 0) (h2 : p ≠ 1) n :
.lake/packages/mathlib/Mathlib/Probability/Distributions/Geometric.lean:71:lemma geometricMeasure_singleton (hp : p ≠ 0) n :
.lake/packages/mathlib/Mathlib/Probability/Distributions/Geometric.lean:72:    geometricMeasure p {n} = ENNReal.ofReal ((1 - p) ^ n * p) := by
.lake/packages/mathlib/Mathlib/Probability/Distributions/Geometric.lean:73:  rw [geometricMeasure_eq hp, Measure.sum_smul_dirac_singleton]
.lake/packages/mathlib/Mathlib/Probability/Distributions/Geometric.lean:75:lemma geometricMeasure_real_singleton (hp : p ≠ 0) n :
.lake/packages/mathlib/Mathlib/Probability/Distributions/Geometric.lean:76:    (geometricMeasure p).real {n} = (1 - p) ^ n * p := by
.lake/packages/mathlib/Mathlib/Probability/Distributions/Geometric.lean:77:  rw [measureReal_def, geometricMeasure_singleton hp,
.lake/packages/mathlib/Mathlib/Probability/Distributions/Geometric.lean:78:    ENNReal.toReal_ofReal (geometricMeasure_nonneg p n)]
.lake/packages/mathlib/Mathlib/Probability/Distributions/Geometric.lean:80:lemma geometricMeasure_real_singleton_pos (h1 : p ≠ 0) (h2 : p ≠ 1) n :
.lake/packages/mathlib/Mathlib/Probability/Distributions/Geometric.lean:81:    0 < (geometricMeasure p).real {n} := by
.lake/packages/mathlib/Mathlib/Probability/Distributions/Geometric.lean:82:  rw [geometricMeasure_real_singleton h1]
.lake/packages/mathlib/Mathlib/Probability/Distributions/Geometric.lean:83:  exact geometricMeasure_pos h1 h2 n
.lake/packages/mathlib/Mathlib/Probability/Distributions/Geometric.lean:85:lemma hasSum_one_geometricMeasure (hp : p ≠ 0) :
.lake/packages/mathlib/Mathlib/Probability/Distributions/Geometric.lean:87:  convert (hasSum_geometric_of_lt_one (r := 1 - p) (by grind) (by grind)).mul_right (p : ℝ)
.lake/packages/mathlib/Mathlib/Probability/Distributions/Geometric.lean:90:instance isProbabilityMeasure_geometricMeasure :
.lake/packages/mathlib/Mathlib/Probability/Distributions/Geometric.lean:91:    IsProbabilityMeasure (geometricMeasure p) := by
.lake/packages/mathlib/Mathlib/Probability/Distributions/Geometric.lean:92:  rw [geometricMeasure]
.lake/packages/mathlib/Mathlib/Probability/Distributions/Geometric.lean:94:  · exact (hasSum_one_geometricMeasure h).isProbabilityMeasure_sum_dirac
.lake/packages/mathlib/Mathlib/Probability/Distributions/Geometric.lean:95:      (geometricMeasure_nonneg p)
.lake/packages/mathlib/Mathlib/Probability/Distributions/Geometric.lean:102:lemma integrable_geometricMeasure_iff (hp : p ≠ 0) :
.lake/packages/mathlib/Mathlib/Probability/Distributions/Geometric.lean:103:    Integrable f (geometricMeasure p) ↔ Summable (fun n ↦ (1 - p : ℝ) ^ n * p * ‖f n‖) := by
.lake/packages/mathlib/Mathlib/Probability/Distributions/Geometric.lean:104:  rw [geometricMeasure_eq hp, integrable_sum_dirac_iff (by simp)]
.lake/packages/mathlib/Mathlib/Probability/Distributions/Geometric.lean:106:  rw [ENNReal.toReal_ofReal (geometricMeasure_nonneg p n)]
.lake/packages/mathlib/Mathlib/Probability/Distributions/Geometric.lean:110:lemma hasSum_integral_geometricMeasure [CompleteSpace E]
.lake/packages/mathlib/Mathlib/Probability/Distributions/Geometric.lean:111:    (hp : p ≠ 0) (hf : Integrable f (geometricMeasure p)) :
.lake/packages/mathlib/Mathlib/Probability/Distributions/Geometric.lean:112:    HasSum (fun n ↦ ((1 - p : ℝ) ^ n * p) • f n) (∫ n, f n ∂geometricMeasure p) := by
.lake/packages/mathlib/Mathlib/Probability/Distributions/Geometric.lean:115:    ext n; rw [ENNReal.toReal_ofReal (geometricMeasure_nonneg p n)]
.lake/packages/mathlib/Mathlib/Probability/Distributions/Geometric.lean:116:  rw [this, geometricMeasure_eq hp]
.lake/packages/mathlib/Mathlib/Probability/Distributions/Geometric.lean:118:  convert (integrable_geometricMeasure_iff hp).1 hf with n
.lake/packages/mathlib/Mathlib/Probability/Distributions/Geometric.lean:119:  rw [ENNReal.toReal_ofReal (geometricMeasure_nonneg p n)]
.lake/packages/mathlib/Mathlib/Probability/Distributions/Geometric.lean:121:/-- If a function is integrable with respect to `geometricMeasure p`, then its integral
.lake/packages/mathlib/Mathlib/Probability/Distributions/Geometric.lean:124:See `integral_geometricMeasure` for a version where the codomain is finite-dimensional
.lake/packages/mathlib/Mathlib/Probability/Distributions/Geometric.lean:126:lemma integral_geometricMeasure' [CompleteSpace E] (hp : p ≠ 0)
.lake/packages/mathlib/Mathlib/Probability/Distributions/Geometric.lean:127:    (hf : Integrable f (geometricMeasure p)) :
.lake/packages/mathlib/Mathlib/Probability/Distributions/Geometric.lean:128:    ∫ n, f n ∂geometricMeasure p = ∑' n : ℕ, ((1 - p : ℝ) ^ n * p) • f n :=
.lake/packages/mathlib/Mathlib/Probability/Distributions/Geometric.lean:129:  (hasSum_integral_geometricMeasure hp hf).tsum_eq.symm
.lake/packages/mathlib/Mathlib/Probability/Distributions/Geometric.lean:132:against `geometricMeasure p` is given by its sum weighted by `(1 - p) ^ n * p`. This version
.lake/packages/mathlib/Mathlib/Probability/Distributions/Geometric.lean:136:See `integral_geometricMeasure'` with a general codomain which assumes integrability. -/
.lake/packages/mathlib/Mathlib/Probability/Distributions/Geometric.lean:137:lemma integral_geometricMeasure [FiniteDimensional ℝ E] (hp : p ≠ 0) (f : ℕ → E) :
.lake/packages/mathlib/Mathlib/Probability/Distributions/Geometric.lean:138:    ∫ n, f n ∂geometricMeasure p = ∑' n : ℕ, ((1 - p : ℝ) ^ n * p) • f n := by
.lake/packages/mathlib/Mathlib/Probability/Distributions/Geometric.lean:139:  rw [geometricMeasure_eq hp, integral_sum_dirac (by simp)]
.lake/packages/mathlib/Mathlib/Probability/Distributions/Geometric.lean:141:  rw [ENNReal.toReal_ofReal (geometricMeasure_nonneg p n)]
.lake/packages/mathlib/Mathlib/Probability/Distributions/Geometric.lean:149:/-- The pmf of the geometric distribution depending on its success probability. -/
.lake/packages/mathlib/Mathlib/Probability/Distributions/Geometric.lean:150:@[deprecated geometricMeasure (since := "2026-03-08")]
.lake/packages/mathlib/Mathlib/Probability/Distributions/Geometric.lean:152:def geometricPMFReal (p : ℝ) (n : ℕ) : ℝ := (1 - p) ^ n * p
.lake/packages/mathlib/Mathlib/Probability/Distributions/Geometric.lean:155:@[deprecated hasSum_one_geometricMeasure (since := "2026-03-08")]
.lake/packages/mathlib/Mathlib/Probability/Distributions/Geometric.lean:156:lemma geometricPMFRealSum (hp_pos : 0 < p) (hp_le_one : p ≤ 1) :
.lake/packages/mathlib/Mathlib/Probability/Distributions/Geometric.lean:157:    HasSum (fun n ↦ geometricPMFReal p n) 1 := by
.lake/packages/mathlib/Mathlib/Probability/Distributions/Geometric.lean:158:  unfold geometricPMFReal
.lake/packages/mathlib/Mathlib/Probability/Distributions/Geometric.lean:159:  have := hasSum_geometric_of_lt_one (sub_nonneg.mpr hp_le_one) (sub_lt_self 1 hp_pos)
.lake/packages/mathlib/Mathlib/Probability/Distributions/Geometric.lean:166:@[deprecated geometricMeasure_real_singleton_pos (since := "2026-03-08")]
.lake/packages/mathlib/Mathlib/Probability/Distributions/Geometric.lean:167:lemma geometricPMFReal_pos {n : ℕ} (hp_pos : 0 < p) (hp_lt_one : p < 1) :
.lake/packages/mathlib/Mathlib/Probability/Distributions/Geometric.lean:168:    0 < geometricPMFReal p n := by
.lake/packages/mathlib/Mathlib/Probability/Distributions/Geometric.lean:169:  rw [geometricPMFReal]
.lake/packages/mathlib/Mathlib/Probability/Distributions/Geometric.lean:174:lemma geometricPMFReal_nonneg {n : ℕ} (hp_pos : 0 < p) (hp_le_one : p ≤ 1) :
.lake/packages/mathlib/Mathlib/Probability/Distributions/Geometric.lean:175:    0 ≤ geometricPMFReal p n := by
.lake/packages/mathlib/Mathlib/Probability/Distributions/Geometric.lean:176:  rw [geometricPMFReal]
.lake/packages/mathlib/Mathlib/Probability/Distributions/Geometric.lean:181:@[deprecated geometricMeasure (since := "2026-03-08")]
.lake/packages/mathlib/Mathlib/Probability/Distributions/Geometric.lean:183:def geometricPMF (hp_pos : 0 < p) (hp_le_one : p ≤ 1) : PMF ℕ :=
.lake/packages/mathlib/Mathlib/Probability/Distributions/Geometric.lean:184:  ⟨fun n ↦ ENNReal.ofReal (geometricPMFReal p n), by
.lake/packages/mathlib/Mathlib/Probability/Distributions/Geometric.lean:187:    exact (geometricPMFRealSum hp_pos hp_le_one).toNNReal
.lake/packages/mathlib/Mathlib/Probability/Distributions/Geometric.lean:188:      (fun n ↦ geometricPMFReal_nonneg hp_pos hp_le_one)⟩
.lake/packages/mathlib/Mathlib/Probability/Distributions/Geometric.lean:192:lemma measurable_geometricPMFReal : Measurable (geometricPMFReal p) := by
.lake/packages/mathlib/Mathlib/Probability/Distributions/Geometric.lean:197:lemma stronglyMeasurable_geometricPMFReal : StronglyMeasurable (geometricPMFReal p) :=
.lake/packages/mathlib/Mathlib/Probability/Distributions/Geometric.lean:198:  stronglyMeasurable_iff_measurable.mpr measurable_geometricPMFReal
.lake/packages/mathlib/Mathlib/Probability/Process/LocalProperty.lean:296:      (tsum_geometric_lt_top.2 <| by simp)
.lake/packages/mathlib/Mathlib/NumberTheory/Harmonic/ZetaAsymp.lean:215:    · exact_mod_cast (summable_nat_add_iff 1).mpr (summable_one_div_nat_rpow.mpr hs)
.lake/packages/mathlib/Mathlib/NumberTheory/TsumDivisorsAntidiagonal.lean:69:lemma summable_norm_pow_mul_geometric_div_one_sub (k : ℕ) {r : 𝕜} (hr : ‖r‖ < 1) :
.lake/packages/mathlib/Mathlib/NumberTheory/TsumDivisorsAntidiagonal.lean:73:    (by simpa using summable_norm_pow_mul_geometric_of_norm_lt_one k hr)
.lake/packages/mathlib/Mathlib/NumberTheory/TsumDivisorsAntidiagonal.lean:85:    apply Summable.of_nonneg_of_le (f := fun c : ℕ+ ↦ ‖(c : 𝕜) ^ (k + 1) * r ^ (c : ℕ)‖)
.lake/packages/mathlib/Mathlib/NumberTheory/TsumDivisorsAntidiagonal.lean:87:      (by apply (summable_norm_pow_mul_geometric_of_norm_lt_one (k + 1) hr).subtype)
.lake/packages/mathlib/Mathlib/NumberTheory/TsumDivisorsAntidiagonal.lean:99:theorem summable_prod_mul_pow (k : ℕ) {r : 𝕜} (hr : ‖r‖ < 1) :
.lake/packages/mathlib/Mathlib/NumberTheory/TsumDivisorsAntidiagonal.lean:109:    ∑' e : ℕ+, σ k e * r ^ (e : ℕ) by rwa [← (summable_prod_mul_pow k hr).tsum_prod]
.lake/packages/mathlib/Mathlib/NumberTheory/TsumDivisorsAntidiagonal.lean:112:    cast_pow, Summable.tsum_sigma (summable_divisorsAntidiagonal_aux k hr)]
.lake/packages/mathlib/Mathlib/NumberTheory/TsumDivisorsAntidiagonal.lean:121:  have (m : ℕ) [NeZero m] := tsum_geometric_of_norm_lt_one (ξ := r ^ m)
.lake/packages/mathlib/Mathlib/NumberTheory/TsumDivisorsAntidiagonal.lean:126:  rw [Summable.tsum_comm (by apply (summable_prod_mul_pow k hr).prod_symm)] at h00
.lake/packages/mathlib/Mathlib/NumberTheory/TsumDivisorsAntidiagonal.lean:131:lemma tendsto_zero_geometric_tsum_pnat {r : 𝕜} (hr : ‖r‖ < 1) :
.lake/packages/mathlib/Mathlib/NumberTheory/TsumDivisorsAntidiagonal.lean:136:    have := tsum_geometric_of_norm_lt_one (h1 m)
.lake/packages/mathlib/Mathlib/NumberTheory/TsumDivisorsAntidiagonal.lean:137:    rw [← tsum_zero_pnat_eq_tsum_nat (summable_geometric_of_norm_lt_one (h1 m))] at this
.lake/packages/mathlib/Mathlib/NumberTheory/ModularForms/EisensteinSeries/Summable.lean:208:lemma summable_one_div_norm_rpow {k : ℝ} (hk : 2 < k) :
.lake/packages/mathlib/Mathlib/NumberTheory/ModularForms/EisensteinSeries/Summable.lean:218:    apply ((Real.summable_nat_rpow.mpr (by linarith : 1 - k < -1)).mul_left
.lake/packages/mathlib/Mathlib/NumberTheory/ModularForms/EisensteinSeries/Summable.lean:227:lemma summable_inv_of_isBigO_rpow_inv {α : Type*} [NormedField α] [CompleteSpace α]
.lake/packages/mathlib/Mathlib/NumberTheory/ModularForms/EisensteinSeries/Summable.lean:232:    ((Real.summable_abs_int_rpow hab).congr fun b ↦ Real.rpow_neg (abs_nonneg ↑b) a) hf
.lake/packages/mathlib/Mathlib/NumberTheory/ModularForms/EisensteinSeries/Summable.lean:237:  apply summable_inv_of_isBigO_rpow_inv (a := k) (by norm_cast)
.lake/packages/mathlib/Mathlib/NumberTheory/ModularForms/EisensteinSeries/Summable.lean:245:  apply summable_inv_of_isBigO_rpow_inv (a := k) (by norm_cast)
.lake/packages/mathlib/Mathlib/NumberTheory/ModularForms/EisensteinSeries/Summable.lean:252:  apply summable_inv_of_isBigO_rpow_inv (a := 2) (by norm_cast)
.lake/packages/mathlib/Mathlib/NumberTheory/ModularForms/EisensteinSeries/Summable.lean:258:  apply summable_inv_of_isBigO_rpow_inv (a := 2) (by norm_cast)
.lake/packages/mathlib/Mathlib/NumberTheory/ModularForms/EisensteinSeries/Summable.lean:264:  apply summable_inv_of_isBigO_rpow_inv (a := 2) (by norm_cast)
.lake/packages/mathlib/Mathlib/NumberTheory/ModularForms/EisensteinSeries/Summable.lean:296:lemma summable_of_isBigO_rpow_norm {E : Type*} [NormedAddCommGroup E] [CompleteSpace E]
.lake/packages/mathlib/Mathlib/NumberTheory/ModularForms/EisensteinSeries/Summable.lean:300:    ((summable_one_div_norm_rpow hab).congr fun b ↦ Real.rpow_neg (norm_nonneg b) a) hf
.lake/packages/mathlib/Mathlib/NumberTheory/ModularForms/EisensteinSeries/E2/Summable.lean:84:  refine (Summable.mul_left _ ?_).hasSum.comp tendsto_finset_range
.lake/packages/mathlib/Mathlib/NumberTheory/ModularForms/EisensteinSeries/E2/Summable.lean:86:  apply (summable_prod_mul_pow 1 (norm_exp_two_pi_I_lt_one z)).prod.congr
.lake/packages/mathlib/Mathlib/NumberTheory/ModularForms/EisensteinSeries/E2/Summable.lean:134:lemma summable_left_one_div_linear_sub_one_div_linear (a b : ℤ) :
.lake/packages/mathlib/Mathlib/NumberTheory/ModularForms/EisensteinSeries/E2/Summable.lean:136:  have := Summable.mul_left (b - a : ℂ) (summable_linear_left_mul_linear_left (ne_zero z) a b)
.lake/packages/mathlib/Mathlib/NumberTheory/ModularForms/EisensteinSeries/E2/Summable.lean:141:lemma summable_right_one_div_linear_sub_one_div_linear_succ (m : ℤ) :
.lake/packages/mathlib/Mathlib/NumberTheory/ModularForms/EisensteinSeries/E2/Summable.lean:201:        (summable_left_one_div_linear_sub_one_div_linear z (-d) d)).1)).congr
.lake/packages/mathlib/Mathlib/NumberTheory/ModularForms/EisensteinSeries/E2/Summable.lean:204:        (summable_left_one_div_linear_sub_one_div_linear z (-d) d)).2)).congr
.lake/packages/mathlib/Mathlib/NumberTheory/ModularForms/EisensteinSeries/E2/Summable.lean:206:  · simpa using summable_left_one_div_linear_sub_one_div_linear z (-d) d
.lake/packages/mathlib/Mathlib/NumberTheory/ModularForms/EisensteinSeries/E2/Summable.lean:212:  rw [← Summable.tsum_mul_left]
.lake/packages/mathlib/Mathlib/NumberTheory/ModularForms/EisensteinSeries/E2/Summable.lean:222:  have := tendsto_zero_geometric_tsum_pnat (norm_exp_two_pi_I_lt_one ⟨_, im_pnat_div_pos 1 z⟩)
.lake/packages/mathlib/Mathlib/NumberTheory/ModularForms/EisensteinSeries/E2/Summable.lean:255:    apply (summable_left_one_div_linear_sub_one_div_linear z i (i + 1)).congr
.lake/packages/mathlib/Mathlib/NumberTheory/ModularForms/EisensteinSeries/E2/Transform.lean:98:    apply summable_of_isBigO_rpow_norm (a := 3) (by linarith)
.lake/packages/mathlib/Mathlib/NumberTheory/ModularForms/EisensteinSeries/E2/Transform.lean:133:        (summable_right_one_div_linear_sub_one_div_linear_succ z a), ← Summable.tsum_add
.lake/packages/mathlib/Mathlib/NumberTheory/ModularForms/EisensteinSeries/E2/Transform.lean:135:        (summable_right_one_div_linear_sub_one_div_linear_succ z a)]
.lake/packages/mathlib/Mathlib/NumberTheory/ModularForms/EisensteinSeries/E2/Transform.lean:155:    · simpa [add_assoc] using summable_left_one_div_linear_sub_one_div_linear z N (N + 1)
.lake/packages/mathlib/Mathlib/NumberTheory/ModularForms/EisensteinSeries/UniformConvergence.lean:24:We then show in `summable_one_div_rpow_max` that the sum of `max (|c|, |d|) ^ (-k)` over
.lake/packages/mathlib/Mathlib/NumberTheory/ModularForms/EisensteinSeries/UniformConvergence.lean:48:    mod_cast (summable_one_div_norm_rpow hk').subtype (gammaSet N 1 a)
.lake/packages/mathlib/Mathlib/NumberTheory/ModularForms/EisensteinSeries/IsBoundedAtImInfty.lean:42:  apply ((summable_one_div_norm_rpow hk').mul_left <| r z ^ (-k : ℝ)).of_nonneg_of_le
.lake/packages/mathlib/Mathlib/NumberTheory/ModularForms/EisensteinSeries/IsBoundedAtImInfty.lean:68:  · exact_mod_cast (summable_one_div_norm_rpow hk').mul_left <| r ⟨⟨N, 2⟩, Nat.ofNat_pos⟩ ^ (-k)
.lake/packages/mathlib/Mathlib/NumberTheory/ModularForms/EisensteinSeries/QExpansion.lean:96:  refine ⟨_, by simpa using (summable_norm_mul_geometric_of_norm_lt_one' hr
.lake/packages/mathlib/Mathlib/NumberTheory/ModularForms/EisensteinSeries/QExpansion.lean:132:  · exact fun x hx ↦ summable_geometric_iff_norm_lt_one.mpr
.lake/packages/mathlib/Mathlib/NumberTheory/ModularForms/EisensteinSeries/QExpansion.lean:192:lemma summable_pow_mul_cexp (k : ℕ) (e : ℕ+) (z : ℍ) :
.lake/packages/mathlib/Mathlib/NumberTheory/ModularForms/EisensteinSeries/QExpansion.lean:209:  · apply (summable_pow_mul_cexp k 1 z).congr
.lake/packages/mathlib/Mathlib/NumberTheory/ModularForms/EisensteinSeries/QExpansion.lean:312:private lemma summable_sigma_mul_cexp_pow {k : ℕ} (hk : 1 ≤ k) (z : ℍ) :
.lake/packages/mathlib/Mathlib/NumberTheory/ModularForms/EisensteinSeries/QExpansion.lean:315:    (summable_norm_pow_mul_geometric_of_norm_lt_one k (norm_exp_two_pi_I_lt_one z))
.lake/packages/mathlib/Mathlib/NumberTheory/ModularForms/EisensteinSeries/QExpansion.lean:333:    (summable_nat_add_iff 1).mpr (summable_sigma_mul_cexp_pow (by omega) τ)
.lake/packages/mathlib/Mathlib/NumberTheory/ModularForms/JacobiTheta/TwoVariable.lean:107:lemma summable_pow_mul_jacobiTheta₂_term_bound (S : ℝ) {T : ℝ} (hT : 0 < T) (k : ℕ) :
.lake/packages/mathlib/Mathlib/NumberTheory/ModularForms/JacobiTheta/TwoVariable.lean:112:  apply summable_of_isBigO_nat (summable_pow_mul_exp_neg_nat_mul k zero_lt_one)
.lake/packages/mathlib/Mathlib/NumberTheory/ModularForms/JacobiTheta/TwoVariable.lean:127:  · refine (summable_pow_mul_jacobiTheta₂_term_bound |im z| hτ 0).of_norm_bounded ?_
.lake/packages/mathlib/Mathlib/NumberTheory/ModularForms/JacobiTheta/TwoVariable.lean:210:    refine ((summable_pow_mul_jacobiTheta₂_term_bound
.lake/packages/mathlib/Mathlib/NumberTheory/ModularForms/JacobiTheta/TwoVariable.lean:235:  · refine fun hτ ↦ ((summable_pow_mul_jacobiTheta₂_term_bound
.lake/packages/mathlib/Mathlib/NumberTheory/ModularForms/JacobiTheta/TwoVariable.lean:316:    exact (summable_pow_mul_jacobiTheta₂_term_bound S hT 2).mul_left _
.lake/packages/mathlib/Mathlib/NumberTheory/ModularForms/JacobiTheta/TwoVariable.lean:318:    refine (summable_pow_mul_jacobiTheta₂_term_bound S hT 0).of_norm_bounded ?_
.lake/packages/mathlib/Mathlib/NumberTheory/ModularForms/JacobiTheta/TwoVariable.lean:368:      using (summable_pow_mul_jacobiTheta₂_term_bound S hT 1).mul_left (2 * π)
.lake/packages/mathlib/Mathlib/NumberTheory/ModularForms/JacobiTheta/OneVariable.lean:105:    exact hasSum_geometric_of_lt_one (exp_pos (-π * τ.im)).le
.lake/packages/mathlib/Mathlib/NumberTheory/ModularForms/JacobiTheta/OneVariable.lean:108:    .of_nonneg_of_le (fun n => norm_nonneg _) this s.summable
.lake/packages/mathlib/Mathlib/NumberTheory/ModularForms/JacobiTheta/Bounds.lean:89:    refine (((summable_pow_mul_jacobiTheta₂_term_bound (|a| * t) ht k).mul_right
.lake/packages/mathlib/Mathlib/NumberTheory/ModularForms/JacobiTheta/Bounds.lean:112:Here we use direct comparison with a geometric series.
.lake/packages/mathlib/Mathlib/NumberTheory/ModularForms/JacobiTheta/Bounds.lean:118:  convert (hasSum_geometric_of_lt_one (exp_pos _).le <| exp_lt_aux ht).mul_left _ using 1
.lake/packages/mathlib/Mathlib/NumberTheory/ModularForms/JacobiTheta/Bounds.lean:127:  · rw [F_nat, (summable_f_nat 0 0 ht).tsum_eq_zero_add, f_nat, Nat.cast_zero, add_zero, pow_zero,
.lake/packages/mathlib/Mathlib/NumberTheory/ModularForms/JacobiTheta/Bounds.lean:169:    convert (hasSum_coe_mul_geometric_of_norm_lt_one h0').mul_left (exp (-π * a ^ 2 * t)) using 1
.lake/packages/mathlib/Mathlib/NumberTheory/ModularForms/JacobiTheta/Bounds.lean:174:  · convert (hasSum_geometric_of_lt_one (exp_pos _).le <| exp_lt_aux ht).mul_left _ using 1
.lake/packages/mathlib/Mathlib/NumberTheory/ModularForms/Discriminant.lean:161:      (by simpa only [pow_succ'] using (summable_geometric_of_abs_lt_one (by norm_num)).mul_left _)
.lake/packages/mathlib/Mathlib/NumberTheory/ModularForms/DedekindEta.lean:69:  simpa using (summable_nat_add_iff 1).mpr (summable_geometric_of_lt_one (norm_nonneg _) hq)
.lake/packages/mathlib/Mathlib/NumberTheory/ModularForms/DedekindEta.lean:83:    refine ((summable_nat_add_iff 1).mpr (summable_geometric_of_lt_one (norm_nonneg _)
.lake/packages/mathlib/Mathlib/NumberTheory/ModularForms/DedekindEta.lean:104:    summable_geometric_of_lt_one (norm_nonneg _) (mod_cast norm_qParam_lt_one 1 z)
.lake/packages/mathlib/Mathlib/NumberTheory/ModularForms/DedekindEta.lean:164:  have := summable_norm_pow_mul_geometric_div_one_sub 1 (norm_qParam_lt_one 1 ⟨z, hz⟩)
.lake/packages/mathlib/Mathlib/NumberTheory/LSeries/Dirichlet.lean:63:  refine fun h ↦ not_summable_one_div_on_primes <| summable_ofReal.mp <| .of_neg ?_
.lake/packages/mathlib/Mathlib/NumberTheory/LSeries/Dirichlet.lean:176:  refine fun h ↦ (Real.not_summable_indicator_one_div_natCast hN 1) ?_
.lake/packages/mathlib/Mathlib/NumberTheory/LSeries/Dirichlet.lean:177:  refine h.norm.of_nonneg_of_le (fun m ↦ Set.indicator_apply_nonneg (fun _ ↦ by positivity))
.lake/packages/mathlib/Mathlib/NumberTheory/LSeries/Dirichlet.lean:210:  refine .of_norm <| h.norm.of_nonneg_of_le (fun _ ↦ norm_nonneg _) fun n ↦ norm_term_le s ?_
.lake/packages/mathlib/Mathlib/NumberTheory/LSeries/Dirichlet.lean:383:  refine hf.of_nonneg_of_le (fun _ ↦ norm_nonneg _) (fun n ↦ norm_term_le s ?_)
.lake/packages/mathlib/Mathlib/NumberTheory/LSeries/RiemannZeta.lean:202:  · rwa [Complex.summable_one_div_nat_cpow]
.lake/packages/mathlib/Mathlib/NumberTheory/LSeries/PrimesInAP.lean:204:    refine (Summable.mul_left 2 this).of_nonneg_of_le (fun pk ↦ ?_) (fun pk ↦ F''_le pk.1 pk.2)
.lake/packages/mathlib/Mathlib/NumberTheory/LSeries/PrimesInAP.lean:210:    exact Summable.mul_right _ <| summable_geometric_of_lt_one (hp₀ p).le (hp₁ p)
.lake/packages/mathlib/Mathlib/NumberTheory/LSeries/PrimesInAP.lean:212:    conv => enter [1, p]; rw [tsum_mul_right, tsum_geometric_of_lt_one (hp₀ p).le (hp₁ p)]
.lake/packages/mathlib/Mathlib/NumberTheory/LSeries/PrimesInAP.lean:213:    refine (summable_rpow.mpr (by norm_num : -(3 / 2 : ℝ) < -1)).mul_left 2
.lake/packages/mathlib/Mathlib/NumberTheory/LSeries/PrimesInAP.lean:214:      |>.of_nonneg_of_le (fun p ↦ ?_) (fun p ↦ ?_)
.lake/packages/mathlib/Mathlib/NumberTheory/LSeries/PrimesInAP.lean:232:  refine Summable.of_nonneg_of_le h₀ hleF₀ ?_
.lake/packages/mathlib/Mathlib/NumberTheory/LSeries/Basic.lean:36:* `LSeriesSummable.isBigO_rpow`: if the `LSeries` of `f` is summable at `s`, then `f = O(n^(re s))`.
.lake/packages/mathlib/Mathlib/NumberTheory/LSeries/Basic.lean:238:  exact hf.of_nonneg_of_le (fun _ ↦ norm_nonneg _) (norm_term_le_of_re_le_re f h)
.lake/packages/mathlib/Mathlib/NumberTheory/LSeries/Basic.lean:349:    refine Summable.mul_left _ <|
.lake/packages/mathlib/Mathlib/NumberTheory/LSeries/Basic.lean:356:  refine Summable.of_norm <| hsum.of_nonneg_of_le (fun _ ↦ norm_nonneg _) (fun n ↦ ?_)
.lake/packages/mathlib/Mathlib/NumberTheory/LSeries/HurwitzZetaEven.lean:503:  · apply (((summable_one_div_int_add_rpow 0 s.re).mpr hs).div_const 2).of_norm_bounded
.lake/packages/mathlib/Mathlib/NumberTheory/LSeries/HurwitzZetaEven.lean:545:    apply Summable.mul_left
.lake/packages/mathlib/Mathlib/NumberTheory/LSeries/HurwitzZetaEven.lean:546:    rwa [summable_one_div_int_add_rpow]
.lake/packages/mathlib/Mathlib/NumberTheory/LSeries/Injectivity.lean:70:    refine (summable_mul_left_iff <| natCast_add_one_cpow_ne_zero n _).mpr <|
.lake/packages/mathlib/Mathlib/NumberTheory/LSeries/HurwitzZetaOdd.lean:442:    apply Summable.mul_left
.lake/packages/mathlib/Mathlib/NumberTheory/LSeries/HurwitzZetaOdd.lean:443:    rwa [summable_one_div_int_add_rpow]
.lake/packages/mathlib/Mathlib/NumberTheory/LSeries/Nonvanishing.lean:267:lemma summable_neg_log_one_sub_mul_prime_cpow {s : ℂ} (hs : 1 < s.re) :
.lake/packages/mathlib/Mathlib/NumberTheory/LSeries/Nonvanishing.lean:272:  refine (Nat.Primes.summable_rpow.mpr ?_).of_nonneg_of_le (fun _ ↦ norm_nonneg _) this
.lake/packages/mathlib/Mathlib/NumberTheory/LSeries/Nonvanishing.lean:288:  have H₀ := summable_neg_log_one_sub_mul_prime_cpow (N := N) 1 h₀
.lake/packages/mathlib/Mathlib/NumberTheory/LSeries/Nonvanishing.lean:289:  have H₁ := summable_neg_log_one_sub_mul_prime_cpow χ h₁
.lake/packages/mathlib/Mathlib/NumberTheory/LSeries/Nonvanishing.lean:290:  have H₂ := summable_neg_log_one_sub_mul_prime_cpow (χ ^ 2) h₂
.lake/packages/mathlib/Mathlib/NumberTheory/ZetaValues.lean:294:  refine Summable.mul_left _ <| .of_norm ?_
.lake/packages/mathlib/Mathlib/NumberTheory/ZetaValues.lean:299:  rwa [summable_abs_iff, Real.summable_one_div_int_pow]
.lake/packages/mathlib/Mathlib/NumberTheory/SumPrimeReciprocals.lean:17:There are two versions of the main result: `not_summable_one_div_on_primes`, which
.lake/packages/mathlib/Mathlib/NumberTheory/SumPrimeReciprocals.lean:18:expresses the sum as a sub-sum of the harmonic series, and `Nat.Primes.not_summable_one_div`,
.lake/packages/mathlib/Mathlib/NumberTheory/SumPrimeReciprocals.lean:20:converges if and only if `r < -1`; see `Nat.Primes.summable_rpow`.
.lake/packages/mathlib/Mathlib/NumberTheory/SumPrimeReciprocals.lean:68:theorem not_summable_one_div_on_primes :
.lake/packages/mathlib/Mathlib/NumberTheory/SumPrimeReciprocals.lean:87:theorem Nat.Primes.not_summable_one_div : ¬ Summable (fun p : Nat.Primes ↦ (1 / p : ℝ)) := by
.lake/packages/mathlib/Mathlib/NumberTheory/SumPrimeReciprocals.lean:88:  convert summable_subtype_iff_indicator.mp.mt not_summable_one_div_on_primes
.lake/packages/mathlib/Mathlib/NumberTheory/SumPrimeReciprocals.lean:91:theorem Nat.Primes.summable_rpow {r : ℝ} :
.lake/packages/mathlib/Mathlib/NumberTheory/SumPrimeReciprocals.lean:96:    exact (Real.summable_nat_rpow.mpr h).subtype _
.lake/packages/mathlib/Mathlib/NumberTheory/SumPrimeReciprocals.lean:99:    refine fun H ↦ Nat.Primes.not_summable_one_div <| H.of_nonneg_of_le (fun _ ↦ by positivity) ?_
.lake/packages/mathlib/Mathlib/NumberTheory/Real/GoldenRatio.lean:168:/-- The geometric sequence `fun n ↦ φ^n` is a solution of `fibRec`. -/
.lake/packages/mathlib/Mathlib/NumberTheory/Real/GoldenRatio.lean:173:/-- The geometric sequence `fun n ↦ ψ^n` is a solution of `fibRec`. -/
.lake/packages/mathlib/Mathlib/NumberTheory/Transcendental/Liouville/LiouvilleNumber.lean:80:  summable_one_div_pow_of_le hm Nat.self_le_factorial
.lake/packages/mathlib/Mathlib/NumberTheory/Transcendental/Liouville/LiouvilleNumber.lean:121:        (summable_one_div_pow_of_le m1 fun _ => le_self_add)
.lake/packages/mathlib/Mathlib/NumberTheory/Transcendental/Liouville/LiouvilleNumber.lean:127:    -- the series is the geometric series
.lake/packages/mathlib/Mathlib/NumberTheory/Transcendental/Liouville/LiouvilleNumber.lean:128:    _ = (1 - 1 / m)⁻¹ * (1 / m ^ (n + 1)!) := by rw [tsum_geometric_of_lt_one (by positivity) mi]
.lake/packages/mathlib/Mathlib/NumberTheory/Transcendental/Liouville/Measure.lean:107:  refine (Summable.add ?_ ?_).mul_left _ <;> simp only [NNReal.summable_rpow] <;> linarith
.lake/packages/mathlib/Mathlib/NumberTheory/EulerProduct/DirichletLSeries.lean:60:  convert Real.summable_nat_rpow_inv.mpr hs with n
.lake/packages/mathlib/Mathlib/NumberTheory/EulerProduct/DirichletLSeries.lean:76:  exact (summable_riemannZetaSummand hs).of_nonneg_of_le (fun _ ↦ by positivity)
.lake/packages/mathlib/Mathlib/NumberTheory/EulerProduct/Basic.lean:38:(and its variant `EulerProduct.summable_and_hasSum_factoredNumbers_prod_filter_prime_geometric`),
.lake/packages/mathlib/Mathlib/NumberTheory/EulerProduct/Basic.lean:54:  refine summable_geometric_iff_norm_lt_one.mp ?_
.lake/packages/mathlib/Mathlib/NumberTheory/EulerProduct/Basic.lean:100:        refine Summable.of_nonneg_of_le (fun _ ↦ norm_nonneg _) (fun _ ↦ norm_mul_le ..) ?_
.lake/packages/mathlib/Mathlib/NumberTheory/EulerProduct/Basic.lean:275:Then we can use the formula for geometric series to simplify the statement. This leads to
.lake/packages/mathlib/Mathlib/NumberTheory/EulerProduct/Basic.lean:284:lemma one_sub_inv_eq_geometric_of_summable_norm {f : ℕ →*₀ F} {p : ℕ} (hp : p.Prime)
.lake/packages/mathlib/Mathlib/NumberTheory/EulerProduct/Basic.lean:288:  refine (tsum_geometric_of_norm_lt_one <| summable_geometric_iff_norm_lt_one.mp ?_).symm
.lake/packages/mathlib/Mathlib/NumberTheory/EulerProduct/Basic.lean:297:lemma summable_and_hasSum_factoredNumbers_prod_filter_prime_geometric {f : ℕ →* F}
.lake/packages/mathlib/Mathlib/NumberTheory/EulerProduct/Basic.lean:306:    exact tsum_geometric_of_norm_lt_one <| h (mem_filter.mp hp).2
.lake/packages/mathlib/Mathlib/NumberTheory/EulerProduct/Basic.lean:310:    refine Summable.of_nonneg_of_le (fun _ ↦ norm_nonneg _) (fun _ ↦ norm_pow_le ..) ?_
.lake/packages/mathlib/Mathlib/NumberTheory/EulerProduct/Basic.lean:311:    exact summable_geometric_iff_norm_lt_one.mpr <| (norm_norm (f p)).symm ▸ h hp
.lake/packages/mathlib/Mathlib/NumberTheory/EulerProduct/Basic.lean:314:/-- A version of `EulerProduct.summable_and_hasSum_factoredNumbers_prod_filter_prime_geometric`
.lake/packages/mathlib/Mathlib/NumberTheory/EulerProduct/Basic.lean:316:lemma prod_filter_prime_geometric_eq_tsum_factoredNumbers {f : ℕ →* F} (hsum : Summable f)
.lake/packages/mathlib/Mathlib/NumberTheory/EulerProduct/Basic.lean:319:  refine (summable_and_hasSum_factoredNumbers_prod_filter_prime_geometric ?_ s).2.tsum_eq.symm
.lake/packages/mathlib/Mathlib/NumberTheory/EulerProduct/Basic.lean:326:lemma summable_and_hasSum_smoothNumbers_prod_primesBelow_geometric {f : ℕ →* F}
.lake/packages/mathlib/Mathlib/NumberTheory/EulerProduct/Basic.lean:331:  exact summable_and_hasSum_factoredNumbers_prod_filter_prime_geometric h _
.lake/packages/mathlib/Mathlib/NumberTheory/EulerProduct/Basic.lean:333:/-- A version of `EulerProduct.summable_and_hasSum_smoothNumbers_prod_primesBelow_geometric`
.lake/packages/mathlib/Mathlib/NumberTheory/EulerProduct/Basic.lean:335:lemma prod_primesBelow_geometric_eq_tsum_smoothNumbers {f : ℕ →* F} (hsum : Summable f) (N : ℕ) :
.lake/packages/mathlib/Mathlib/NumberTheory/EulerProduct/Basic.lean:338:  exact prod_filter_prime_geometric_eq_tsum_factoredNumbers hsum _
.lake/packages/mathlib/Mathlib/NumberTheory/EulerProduct/Basic.lean:348:    funext <| fun p ↦ one_sub_inv_eq_geometric_of_summable_norm p.prop hsum
.lake/packages/mathlib/Mathlib/NumberTheory/EulerProduct/Basic.lean:376:    Set.mulIndicator_congr fun p hp ↦ one_sub_inv_eq_geometric_of_summable_norm hp hsum
.lake/packages/mathlib/Mathlib/FieldTheory/SeparablyGenerated.lean:27:4. `K` is geometrically reduced over `k`.
.lake/packages/mathlib/Mathlib/AlgebraicGeometry/EllipticCurve/Weierstrass.lean:23:smooth and proper and the fibres are geometrically-connected one-dimensional group varieties). In
.lake/packages/mathlib/Mathlib/AlgebraicGeometry/EllipticCurve/Weierstrass.lean:26:of algebro-geometric machinery) that every elliptic curve `E` is a projective plane cubic isomorphic
.lake/packages/mathlib/Mathlib/AlgebraicGeometry/Group/Abelian.lean:17:- `AlgebraicGeometry.isCommMonObj_of_isProper_of_geometricallyIntegral`:
.lake/packages/mathlib/Mathlib/AlgebraicGeometry/Group/Abelian.lean:18:  A proper geometrically integral group scheme over a field is commutative.
.lake/packages/mathlib/Mathlib/AlgebraicGeometry/Group/Abelian.lean:128:/-- A proper geometrically integral group scheme over a field is commutative. -/
.lake/packages/mathlib/Mathlib/AlgebraicGeometry/Group/Abelian.lean:130:theorem isCommMonObj_of_isProper_of_geometricallyIntegral
.lake/packages/mathlib/Mathlib/AlgebraicGeometry/Group/Smooth.lean:18:  If `G` is a group scheme over a field `k` that is geometrically reduced and locally
.lake/packages/mathlib/Mathlib/AlgebraicGeometry/Sites/Etale.lean:64:def geometricFiber (Ω : Type u) [Field Ω] [IsSepClosed Ω] : etaleTopology.Point where
.lake/packages/mathlib/Mathlib/AlgebraicGeometry/Geometrically/Integral.lean:16:  We say that morphism `f : X ⟶ Y` is geometrically integral if for all `Spec K ⟶ Y` with `K`
.lake/packages/mathlib/Mathlib/AlgebraicGeometry/Geometrically/Integral.lean:19:- `GeometricallyIntegral.iff_geometricallyIntegral_fiber`:
.lake/packages/mathlib/Mathlib/AlgebraicGeometry/Geometrically/Integral.lean:20:  A scheme is geometrically integral over `S` iff the fibers of all
.lake/packages/mathlib/Mathlib/AlgebraicGeometry/Geometrically/Integral.lean:21:  `s : S` are geometrically integral.
.lake/packages/mathlib/Mathlib/AlgebraicGeometry/Geometrically/Integral.lean:23:  If `X` is geometrically integral, flat, and universally open (e.g. when over a field),
.lake/packages/mathlib/Mathlib/AlgebraicGeometry/Geometrically/Integral.lean:26:  If `X` is geometrically integral over a field, then it is integral.
.lake/packages/mathlib/Mathlib/AlgebraicGeometry/Geometrically/Integral.lean:37:/-- We say that morphism `f : X ⟶ Y` is geometrically integral if for all `Spec K ⟶ Y` with `K`
.lake/packages/mathlib/Mathlib/AlgebraicGeometry/Geometrically/Integral.lean:41:  geometrically_isIntegral : geometrically IsIntegral f
.lake/packages/mathlib/Mathlib/AlgebraicGeometry/Geometrically/Integral.lean:43:lemma GeometricallyIntegral.eq_geometrically :
.lake/packages/mathlib/Mathlib/AlgebraicGeometry/Geometrically/Integral.lean:44:    @GeometricallyIntegral = geometrically IsIntegral := by
.lake/packages/mathlib/Mathlib/AlgebraicGeometry/Geometrically/Integral.lean:45:  ext; exact geometricallyIntegral_iff _
.lake/packages/mathlib/Mathlib/AlgebraicGeometry/Geometrically/Integral.lean:47:lemma GeometricallyIntegral.eq_geometricallyReduced_inf_geometricallyIrreducible :
.lake/packages/mathlib/Mathlib/AlgebraicGeometry/Geometrically/Integral.lean:50:  rw [eq_geometrically, GeometricallyReduced.eq_geometrically,
.lake/packages/mathlib/Mathlib/AlgebraicGeometry/Geometrically/Integral.lean:51:    GeometricallyIrreducible.eq_geometrically, ← geometrically_inf]
.lake/packages/mathlib/Mathlib/AlgebraicGeometry/Geometrically/Integral.lean:56:  (GeometricallyIntegral.eq_geometricallyReduced_inf_geometricallyIrreducible.le _ _ _ ‹_›).1
.lake/packages/mathlib/Mathlib/AlgebraicGeometry/Geometrically/Integral.lean:59:  (GeometricallyIntegral.eq_geometricallyReduced_inf_geometricallyIrreducible.le _ _ _ ‹_›).2
.lake/packages/mathlib/Mathlib/AlgebraicGeometry/Geometrically/Integral.lean:61:lemma GeometricallyIntegral.of_geometricallyReduced_of_geometricallyIrreducible
.lake/packages/mathlib/Mathlib/AlgebraicGeometry/Geometrically/Integral.lean:64:  GeometricallyIntegral.eq_geometricallyReduced_inf_geometricallyIrreducible.ge _ _ _ ⟨‹_›, ‹_›⟩
.lake/packages/mathlib/Mathlib/AlgebraicGeometry/Geometrically/Integral.lean:67:  GeometricallyIntegral.eq_geometrically ▸ inferInstance
.lake/packages/mathlib/Mathlib/AlgebraicGeometry/Geometrically/Integral.lean:83:  GeometricallyIntegral.geometrically_isIntegral _ _ _ (.of_hasPullback _ _)
.lake/packages/mathlib/Mathlib/AlgebraicGeometry/Geometrically/Integral.lean:95:/-- If `X` is geometrically integral over a field, then it is integral. -/
.lake/packages/mathlib/Mathlib/AlgebraicGeometry/Geometrically/Integral.lean:102:/-- If `X` is geometrically integral and flat and universally open over `S` and `Y` is integral
.lake/packages/mathlib/Mathlib/AlgebraicGeometry/Geometrically/Integral.lean:113:lemma GeometricallyIntegral.iff_geometricallyIntegral_fiber :
.lake/packages/mathlib/Mathlib/AlgebraicGeometry/Geometrically/Integral.lean:115:  simp only [GeometricallyIntegral.eq_geometrically,
.lake/packages/mathlib/Mathlib/AlgebraicGeometry/Geometrically/Integral.lean:116:    ← geometrically_iff_forall_fiberToSpecResidueField]
.lake/packages/mathlib/Mathlib/AlgebraicGeometry/Geometrically/Basic.lean:15:In this file we define the basic interface for properties like geometrically reduced,
.lake/packages/mathlib/Mathlib/AlgebraicGeometry/Geometrically/Basic.lean:16:geometrically irreducible, geometrically connected etc. In this file
.lake/packages/mathlib/Mathlib/AlgebraicGeometry/Geometrically/Basic.lean:20:A morphism of schemes `f : X ⟶ Y` is geometrically `P` if for any field `K` and
.lake/packages/mathlib/Mathlib/AlgebraicGeometry/Geometrically/Basic.lean:25:- `AlgebraicGeometry.geometrically`: The morphism property of geometrically-`P` morphisms
.lake/packages/mathlib/Mathlib/AlgebraicGeometry/Geometrically/Basic.lean:26:- `AlgebraicGeometry.geometrically_iff_forall_fiberToSpecResidueField`: `f : X ⟶ Y` is
.lake/packages/mathlib/Mathlib/AlgebraicGeometry/Geometrically/Basic.lean:27:  geometrically-`P` if and only if for every `y : Y`, the fiber `f ⁻¹ {y}` is geometrically-`P`
.lake/packages/mathlib/Mathlib/AlgebraicGeometry/Geometrically/Basic.lean:44:/-- A morphism of schemes `f : X ⟶ Y` is geometrically `P` if for any field `K` and
.lake/packages/mathlib/Mathlib/AlgebraicGeometry/Geometrically/Basic.lean:46:def geometrically (P : ObjectProperty Scheme.{u}) : MorphismProperty Scheme.{u} :=
.lake/packages/mathlib/Mathlib/AlgebraicGeometry/Geometrically/Basic.lean:51:lemma geometrically_eq_universally (P : ObjectProperty Scheme.{u}) :
.lake/packages/mathlib/Mathlib/AlgebraicGeometry/Geometrically/Basic.lean:52:    geometrically P = .universally fun X Y _ ↦ IsIntegral Y → Subsingleton Y → P X := by
.lake/packages/mathlib/Mathlib/AlgebraicGeometry/Geometrically/Basic.lean:60:lemma geometrically_inf (P Q : ObjectProperty Scheme.{u}) :
.lake/packages/mathlib/Mathlib/AlgebraicGeometry/Geometrically/Basic.lean:61:    geometrically (P ⊓ Q) = geometrically P ⊓ geometrically Q := by
.lake/packages/mathlib/Mathlib/AlgebraicGeometry/Geometrically/Basic.lean:62:  simp only [geometrically_eq_universally, ← MorphismProperty.universally_inf]
.lake/packages/mathlib/Mathlib/AlgebraicGeometry/Geometrically/Basic.lean:68:instance : (geometrically P).IsStableUnderBaseChange := by
.lake/packages/mathlib/Mathlib/AlgebraicGeometry/Geometrically/Basic.lean:69:  rw [geometrically_eq_universally]
.lake/packages/mathlib/Mathlib/AlgebraicGeometry/Geometrically/Basic.lean:72:instance [P.IsClosedUnderIsomorphisms] : IsZariskiLocalAtTarget (geometrically P) := by
.lake/packages/mathlib/Mathlib/AlgebraicGeometry/Geometrically/Basic.lean:73:  rw [geometrically_eq_universally]
.lake/packages/mathlib/Mathlib/AlgebraicGeometry/Geometrically/Basic.lean:82:section geometrically
.lake/packages/mathlib/Mathlib/AlgebraicGeometry/Geometrically/Basic.lean:86:lemma pullback_of_geometrically (hf : geometrically P f) (K : Type u) [Field K]
.lake/packages/mathlib/Mathlib/AlgebraicGeometry/Geometrically/Basic.lean:90:lemma pullback_of_geometrically' (hf : geometrically P f) (K : Type u) [Field K]
.lake/packages/mathlib/Mathlib/AlgebraicGeometry/Geometrically/Basic.lean:94:lemma geometrically_iff_of_isClosedUnderIsomorphisms [P.IsClosedUnderIsomorphisms] :
.lake/packages/mathlib/Mathlib/AlgebraicGeometry/Geometrically/Basic.lean:95:    geometrically P f ↔
.lake/packages/mathlib/Mathlib/AlgebraicGeometry/Geometrically/Basic.lean:97:  refine ⟨fun h K _ _ ↦ pullback_of_geometrically h _ _, fun H K _ _ Y fst snd h ↦ ?_⟩
.lake/packages/mathlib/Mathlib/AlgebraicGeometry/Geometrically/Basic.lean:100:lemma fiber_of_geometrically (hf : geometrically P f) (y : Y) : P (f.fiber y) :=
.lake/packages/mathlib/Mathlib/AlgebraicGeometry/Geometrically/Basic.lean:101:  pullback_of_geometrically hf _ _
.lake/packages/mathlib/Mathlib/AlgebraicGeometry/Geometrically/Basic.lean:104:/-- `P` holds geometrically for `f` if and only if all fibers are geometrically `P`. -/
.lake/packages/mathlib/Mathlib/AlgebraicGeometry/Geometrically/Basic.lean:105:lemma geometrically_iff_forall_fiberToSpecResidueField :
.lake/packages/mathlib/Mathlib/AlgebraicGeometry/Geometrically/Basic.lean:106:    geometrically P f ↔ ∀ (y : Y), geometrically P (f.fiberToSpecResidueField y) := by
.lake/packages/mathlib/Mathlib/AlgebraicGeometry/Geometrically/Basic.lean:107:  refine ⟨fun hf y ↦ (geometrically P).pullback_snd _ _ hf, fun H ↦ ?_⟩
.lake/packages/mathlib/Mathlib/AlgebraicGeometry/Geometrically/Basic.lean:120:lemma self_of_isIntegral_of_geometrically [IsIntegral Y] [Subsingleton Y] (hf : geometrically P f) :
.lake/packages/mathlib/Mathlib/AlgebraicGeometry/Geometrically/Basic.lean:122:  rw [geometrically_eq_universally] at hf
.lake/packages/mathlib/Mathlib/AlgebraicGeometry/Geometrically/Basic.lean:127:lemma geometrically_iff_of_commRing :
.lake/packages/mathlib/Mathlib/AlgebraicGeometry/Geometrically/Basic.lean:128:    geometrically P f ↔ ∀ ⦃K : Type u⦄ [Field K] [Algebra R K] ⦃Y : Scheme.{u}⦄ (fst : Y ⟶ X)
.lake/packages/mathlib/Mathlib/AlgebraicGeometry/Geometrically/Basic.lean:136:lemma geometrically_iff_of_commRing_of_isClosedUnderIsomorphisms [P.IsClosedUnderIsomorphisms] :
.lake/packages/mathlib/Mathlib/AlgebraicGeometry/Geometrically/Basic.lean:137:    geometrically P f ↔ ∀ (K : Type u) [Field K] [Algebra R K],
.lake/packages/mathlib/Mathlib/AlgebraicGeometry/Geometrically/Basic.lean:139:  refine ⟨fun hf K _ _ ↦ pullback_of_geometrically hf _ _, fun H ↦ ?_⟩
.lake/packages/mathlib/Mathlib/AlgebraicGeometry/Geometrically/Basic.lean:140:  rw [geometrically_iff_of_isClosedUnderIsomorphisms]
.lake/packages/mathlib/Mathlib/AlgebraicGeometry/Geometrically/Basic.lean:146:end geometrically
.lake/packages/mathlib/Mathlib/AlgebraicGeometry/Geometrically/Connected.lean:15:In this file we define geometrically connected morphisms of schemes. A morphism `f : X ⟶ Y` is
.lake/packages/mathlib/Mathlib/AlgebraicGeometry/Geometrically/Connected.lean:16:geometrically connected if for all `Spec K ⟶ Y` with `K` a field, `X ×[Y] Spec K` is connected.
.lake/packages/mathlib/Mathlib/AlgebraicGeometry/Geometrically/Connected.lean:18:of a geometrically connected scheme over a field.
.lake/packages/mathlib/Mathlib/AlgebraicGeometry/Geometrically/Connected.lean:22:- `AlgebraicGeometry.GeometricallyConnected`: A morphism `f : X ⟶ Y` is geometrically connected if
.lake/packages/mathlib/Mathlib/AlgebraicGeometry/Geometrically/Connected.lean:24:- `GeometricallyConnected.iff_geometricallyConnected_fiber`: A scheme is geometrically connected
.lake/packages/mathlib/Mathlib/AlgebraicGeometry/Geometrically/Connected.lean:25:  over `S` iff the fibers of all `s : S` are geometrically connected.
.lake/packages/mathlib/Mathlib/AlgebraicGeometry/Geometrically/Connected.lean:37:/-- We say that a morphism `f : X ⟶ Y` is geometrically connected if for all `Spec K ⟶ Y` with `K`
.lake/packages/mathlib/Mathlib/AlgebraicGeometry/Geometrically/Connected.lean:41:  geometrically_connectedSpace : geometrically (ConnectedSpace ·) f
.lake/packages/mathlib/Mathlib/AlgebraicGeometry/Geometrically/Connected.lean:43:lemma GeometricallyConnected.eq_geometrically :
.lake/packages/mathlib/Mathlib/AlgebraicGeometry/Geometrically/Connected.lean:44:    @GeometricallyConnected = geometrically (ConnectedSpace ·) := by
.lake/packages/mathlib/Mathlib/AlgebraicGeometry/Geometrically/Connected.lean:45:  ext; exact geometricallyConnected_iff _
.lake/packages/mathlib/Mathlib/AlgebraicGeometry/Geometrically/Connected.lean:48:  GeometricallyConnected.eq_geometrically ▸ inferInstance
.lake/packages/mathlib/Mathlib/AlgebraicGeometry/Geometrically/Connected.lean:64:  GeometricallyConnected.geometrically_connectedSpace _ _ _ (.of_hasPullback _ _)
.lake/packages/mathlib/Mathlib/AlgebraicGeometry/Geometrically/Connected.lean:80:/-- If `f : X ⟶ S` is geometrically connected and open,
.lake/packages/mathlib/Mathlib/AlgebraicGeometry/Geometrically/Connected.lean:94:/-- If `X` is geometrically connected over a point, then it is connected. -/
.lake/packages/mathlib/Mathlib/AlgebraicGeometry/Geometrically/Connected.lean:108:lemma GeometricallyConnected.iff_geometricallyConnected_fiber :
.lake/packages/mathlib/Mathlib/AlgebraicGeometry/Geometrically/Connected.lean:110:  simp only [eq_geometrically, ← geometrically_iff_forall_fiberToSpecResidueField]
.lake/packages/mathlib/Mathlib/AlgebraicGeometry/Geometrically/Connected.lean:116:  refine ⟨geometrically_iff_of_isClosedUnderIsomorphisms.mpr fun K _ x ↦ ?_⟩
.lake/packages/mathlib/Mathlib/AlgebraicGeometry/Geometrically/Irreducible.lean:16:  We say that morphism `f : X ⟶ Y` is geometrically irreducible if for all `Spec K ⟶ Y` with `K`
.lake/packages/mathlib/Mathlib/AlgebraicGeometry/Geometrically/Irreducible.lean:19:- `GeometricallyIrreducible.iff_geometricallyIrreducible_fiber`:
.lake/packages/mathlib/Mathlib/AlgebraicGeometry/Geometrically/Irreducible.lean:20:  A scheme is geometrically irreducible over `S` iff the fibers of all
.lake/packages/mathlib/Mathlib/AlgebraicGeometry/Geometrically/Irreducible.lean:21:  `s : S` are geometrically irreducible.
.lake/packages/mathlib/Mathlib/AlgebraicGeometry/Geometrically/Irreducible.lean:23:  If `X` is geometrically irreducible and universally open (e.g. when flat + finite presentation),
.lake/packages/mathlib/Mathlib/AlgebraicGeometry/Geometrically/Irreducible.lean:25:  In particular, the base change of a geometrically irreducible and universally open scheme to an
.lake/packages/mathlib/Mathlib/AlgebraicGeometry/Geometrically/Irreducible.lean:39:/-- We say that morphism `f : X ⟶ Y` is geometrically irreducible if for all `Spec K ⟶ Y` with `K`
.lake/packages/mathlib/Mathlib/AlgebraicGeometry/Geometrically/Irreducible.lean:43:  geometrically_irreducibleSpace : geometrically (IrreducibleSpace ·) f
.lake/packages/mathlib/Mathlib/AlgebraicGeometry/Geometrically/Irreducible.lean:45:lemma GeometricallyIrreducible.eq_geometrically :
.lake/packages/mathlib/Mathlib/AlgebraicGeometry/Geometrically/Irreducible.lean:46:    @GeometricallyIrreducible = geometrically (IrreducibleSpace ·) := by
.lake/packages/mathlib/Mathlib/AlgebraicGeometry/Geometrically/Irreducible.lean:47:  ext; exact geometricallyIrreducible_iff _
.lake/packages/mathlib/Mathlib/AlgebraicGeometry/Geometrically/Irreducible.lean:50:  GeometricallyIrreducible.eq_geometrically ▸ inferInstance
.lake/packages/mathlib/Mathlib/AlgebraicGeometry/Geometrically/Irreducible.lean:66:  GeometricallyIrreducible.geometrically_irreducibleSpace _ _ _ (.of_hasPullback _ _)
.lake/packages/mathlib/Mathlib/AlgebraicGeometry/Geometrically/Irreducible.lean:83:/-- If `f : X ⟶ S` is geometrically irreducible and open,
.lake/packages/mathlib/Mathlib/AlgebraicGeometry/Geometrically/Irreducible.lean:97:/-- If `X` is geometrically irreducible over a point, then it is irreducible. -/
.lake/packages/mathlib/Mathlib/AlgebraicGeometry/Geometrically/Irreducible.lean:103:/-- If `X` is geometrically irreducible and universally open over `S` and `Y` is irreducible,
.lake/packages/mathlib/Mathlib/AlgebraicGeometry/Geometrically/Irreducible.lean:116:lemma GeometricallyIrreducible.iff_geometricallyIrreducible_fiber :
.lake/packages/mathlib/Mathlib/AlgebraicGeometry/Geometrically/Irreducible.lean:118:  simp only [GeometricallyIrreducible.eq_geometrically,
.lake/packages/mathlib/Mathlib/AlgebraicGeometry/Geometrically/Irreducible.lean:119:    ← geometrically_iff_forall_fiberToSpecResidueField]
.lake/packages/mathlib/Mathlib/AlgebraicGeometry/Geometrically/Irreducible.lean:125:  refine ⟨geometrically_iff_of_isClosedUnderIsomorphisms.mpr fun K _ x ↦ ?_⟩
.lake/packages/mathlib/Mathlib/AlgebraicGeometry/Geometrically/Irreducible.lean:130:/-- If an open subscheme `U` of `X` surjects onto `S` and `X` is geometrically irreducible over `S`,
.lake/packages/mathlib/Mathlib/AlgebraicGeometry/Geometrically/Irreducible.lean:131:then also `U` is geometrically irreducible over `S`. -/
.lake/packages/mathlib/Mathlib/AlgebraicGeometry/Geometrically/Irreducible.lean:135:  rw [GeometricallyIrreducible.iff_geometricallyIrreducible_fiber]
.lake/packages/mathlib/Mathlib/AlgebraicGeometry/Geometrically/Irreducible.lean:137:  refine ⟨geometrically_iff_of_isClosedUnderIsomorphisms.mpr fun K _ x ↦ ?_⟩
.lake/packages/mathlib/Mathlib/AlgebraicGeometry/Geometrically/Reduced.lean:17:  We say that morphism `f : X ⟶ Y` is geometrically reduced if for all `Spec K ⟶ Y` with `K`
.lake/packages/mathlib/Mathlib/AlgebraicGeometry/Geometrically/Reduced.lean:20:- `GeometricallyReduced.iff_geometricallyReduced_fiber`:
.lake/packages/mathlib/Mathlib/AlgebraicGeometry/Geometrically/Reduced.lean:21:  A scheme is geometrically reduced over `S` iff the fibers of all
.lake/packages/mathlib/Mathlib/AlgebraicGeometry/Geometrically/Reduced.lean:22:  `s : S` are geometrically reduced.
.lake/packages/mathlib/Mathlib/AlgebraicGeometry/Geometrically/Reduced.lean:24:  If `X` is geometrically reduced and flat over a reduced and locally noetherian scheme,
.lake/packages/mathlib/Mathlib/AlgebraicGeometry/Geometrically/Reduced.lean:26:  In particular, the base change of a geometrically reduced and flat scheme to an
.lake/packages/mathlib/Mathlib/AlgebraicGeometry/Geometrically/Reduced.lean:41:/-- We say that morphism `f : X ⟶ Y` is geometrically reduced if for all `Spec K ⟶ Y` with `K`
.lake/packages/mathlib/Mathlib/AlgebraicGeometry/Geometrically/Reduced.lean:45:  geometrically_isReduced : geometrically IsReduced f
.lake/packages/mathlib/Mathlib/AlgebraicGeometry/Geometrically/Reduced.lean:47:lemma GeometricallyReduced.eq_geometrically :
.lake/packages/mathlib/Mathlib/AlgebraicGeometry/Geometrically/Reduced.lean:48:    @GeometricallyReduced = geometrically IsReduced := by
.lake/packages/mathlib/Mathlib/AlgebraicGeometry/Geometrically/Reduced.lean:49:  ext; exact geometricallyReduced_iff _
.lake/packages/mathlib/Mathlib/AlgebraicGeometry/Geometrically/Reduced.lean:52:  GeometricallyReduced.eq_geometrically ▸ inferInstance
.lake/packages/mathlib/Mathlib/AlgebraicGeometry/Geometrically/Reduced.lean:68:  GeometricallyReduced.geometrically_isReduced _ _ _ (.of_hasPullback _ _)
.lake/packages/mathlib/Mathlib/AlgebraicGeometry/Geometrically/Reduced.lean:103:  exact fun i ↦ GeometricallyReduced.geometrically_isReduced _ _ _ (.of_hasPullback _ _)
.lake/packages/mathlib/Mathlib/AlgebraicGeometry/Geometrically/Reduced.lean:117:/-- If `X` is geometrically reduced over `S`, and `Y` is both reduced and locally noetherian,
.lake/packages/mathlib/Mathlib/GroupTheory/Coxeter/Matrix.lean:31:a Coxeter matrix and the standard geometric representation of a Coxeter group.
.lake/packages/mathlib/Mathlib/AlgebraicTopology/SingularSet.lean:15:# The singular simplicial set of a topological space and geometric realization of a simplicial set
.lake/packages/mathlib/Mathlib/AlgebraicTopology/SingularSet.lean:23:The *geometric realization* functor `SSet.toTop` is left adjoint to `TopCat.toSSet`.
.lake/packages/mathlib/Mathlib/AlgebraicTopology/SingularSet.lean:31:  assigning the geometric realization to a simplicial set.
.lake/packages/mathlib/Mathlib/AlgebraicTopology/SingularSet.lean:65:/-- The *geometric realization functor* is
.lake/packages/mathlib/Mathlib/AlgebraicTopology/SingularSet.lean:72:/-- The geometric realization of a simplicial set. -/
.lake/packages/mathlib/Mathlib/AlgebraicTopology/SingularSet.lean:85:/-- The geometric realization of the representable simplicial sets agree
.lake/packages/mathlib/Mathlib/AlgebraicTopology/SimplicialSet/TopAdj.lean:13:# Properties of the geometric realization
.lake/packages/mathlib/Mathlib/AlgebraicTopology/SimplicialSet/TopAdj.lean:15:In this file, we introduce some API in order to study the geometric
.lake/packages/mathlib/Mathlib/AlgebraicTopology/SimplicialSet/TopAdj.lean:17:* `SimplexCategory.toTopHomeo`: the homeomorphism between the geometric
.lake/packages/mathlib/Mathlib/AlgebraicTopology/SimplicialSet/TopAdj.lean:163:/-- The geometric realization of `Δ[1]` is isomorphic to `TopCat.I`. -/
.lake/packages/mathlib/Mathlib/AlgebraicTopology/SimplicialComplex/Basic.lean:20:This is related to the geometrical notion of simplicial complexes, which are then defined under the
.lake/packages/mathlib/Mathlib/RingTheory/LocalIso.lean:14:A ring homomorphism is a local isomorphism if source locally (in the geometric sense)
.lake/packages/mathlib/Mathlib/RingTheory/LocalIso.lean:39:/-- An `R`-algebra `S` is a local isomorphism if source locally (in the geometric sense),
.lake/packages/mathlib/Mathlib/RingTheory/Nilpotent/GeometricallyReduced.lean:14:In this file we introduce geometrically reduced algebras.
.lake/packages/mathlib/Mathlib/RingTheory/Nilpotent/GeometricallyReduced.lean:15:For a field `k`, we say that a `k`-algebra `A` is geometrically reduced (`IsGeometricallyReduced`)
.lake/packages/mathlib/Mathlib/RingTheory/Nilpotent/GeometricallyReduced.lean:20:  finitely generated subalgebras `B` of `A` are geometrically reduced, then `A` is geometrically
.lake/packages/mathlib/Mathlib/RingTheory/Nilpotent/GeometricallyReduced.lean:24:- See [https://stacks.math.columbia.edu/tag/05DS] for some theory of geometrically reduced algebras.
.lake/packages/mathlib/Mathlib/RingTheory/Nilpotent/GeometricallyReduced.lean:29:- Prove that if `A` is a geometrically reduced `k`-algebra, then for every field extension `K` of
.lake/packages/mathlib/Mathlib/RingTheory/Nilpotent/GeometricallyReduced.lean:44:/-- The `k`-algebra `A` is geometrically reduced iff its base change to `AlgebraicClosure k` is
.lake/packages/mathlib/Mathlib/RingTheory/Nilpotent/GeometricallyReduced.lean:69:/-- If all finitely generated subalgebras of `A` are geometrically reduced, then `A` is
.lake/packages/mathlib/Mathlib/RingTheory/Nilpotent/GeometricallyReduced.lean:70:  geometrically reduced. -/
.lake/packages/mathlib/Mathlib/RingTheory/PowerSeries/PiTopology.lean:171:/-- The geometric series converges if the constant term is zero. -/
.lake/packages/mathlib/Mathlib/RingTheory/PowerSeries/PiTopology.lean:172:theorem summable_pow_of_constantCoeff_eq_zero {f : PowerSeries R} (h : f.constantCoeff = 0) :
.lake/packages/mathlib/Mathlib/RingTheory/PowerSeries/PiTopology.lean:174:  MvPowerSeries.WithPiTopology.summable_pow_of_constantCoeff_eq_zero h
.lake/packages/mathlib/Mathlib/RingTheory/PowerSeries/PiTopology.lean:180:/-- Formula for geometric series. -/
.lake/packages/mathlib/Mathlib/RingTheory/PowerSeries/PiTopology.lean:183:  (summable_pow_of_constantCoeff_eq_zero h).tsum_pow_mul_one_sub
.lake/packages/mathlib/Mathlib/RingTheory/PowerSeries/PiTopology.lean:185:/-- Formula for geometric series. -/
.lake/packages/mathlib/Mathlib/RingTheory/PowerSeries/PiTopology.lean:188:  (summable_pow_of_constantCoeff_eq_zero h).one_sub_mul_tsum_pow
.lake/packages/mathlib/Mathlib/RingTheory/PowerSeries/PiTopology.lean:325:/-- A power series is the sum (in the sense of summable families) of its monomials -/
.lake/packages/mathlib/Mathlib/RingTheory/PowerSeries/Log.lean:31:* `PowerSeries.deriv_log`: The derivative of `log(1+X)` is the geometric series
.lake/packages/mathlib/Mathlib/RingTheory/PowerSeries/Log.lean:66:/-- The derivative of `log(1+X)` is the geometric series `1 - X + X² - X³ + ⋯ = 1/(1+X)`. -/
.lake/packages/mathlib/Mathlib/RingTheory/RingHom/Locally.lean:16:respect to standard open coverings on the (algebraic) target (i.e. geometric source). Hence
.lake/packages/mathlib/Mathlib/RingTheory/MvPowerSeries/PiTopology.lean:243:/-- A multivariate power series is the sum (in the sense of summable families) of its monomials -/
.lake/packages/mathlib/Mathlib/RingTheory/MvPowerSeries/PiTopology.lean:295:/-- The geometric series converges if the constant term is zero. -/
.lake/packages/mathlib/Mathlib/RingTheory/MvPowerSeries/PiTopology.lean:296:theorem summable_pow_of_constantCoeff_eq_zero {f : MvPowerSeries σ R}
.lake/packages/mathlib/Mathlib/RingTheory/MvPowerSeries/PiTopology.lean:308:/-- Formula for geometric series. -/
.lake/packages/mathlib/Mathlib/RingTheory/MvPowerSeries/PiTopology.lean:311:  (summable_pow_of_constantCoeff_eq_zero h).tsum_pow_mul_one_sub
.lake/packages/mathlib/Mathlib/RingTheory/MvPowerSeries/PiTopology.lean:313:/-- Formula for geometric series. -/
.lake/packages/mathlib/Mathlib/RingTheory/MvPowerSeries/PiTopology.lean:316:  (summable_pow_of_constantCoeff_eq_zero h).one_sub_mul_tsum_pow
.lake/packages/mathlib/Mathlib/RingTheory/HahnSeries/Summable.lean:29:* `HahnSeries.SummableFamily.powers` is the summable family given by non-negative powers of a
.lake/packages/mathlib/Mathlib/RingTheory/HahnSeries/Summable.lean:710:/-- A summable family of powers of a Hahn series `x`. If `x` has non-positive `orderTop`, then
.lake/packages/mathlib/Mathlib/RingTheory/HahnSeries/HEval.lean:18:* `HahnSeries.SummableFamily.powerSeriesFamily`: A summable family of Hahn series whose elements
.lake/packages/mathlib/Mathlib/RingTheory/HahnSeries/HEval.lean:48:/-- A summable family given by scalar multiples of powers of a positive order Hahn series.
.lake/packages/mathlib/Mathlib/MeasureTheory/VectorMeasure/Decomposition/Hahn.lean:299:    refine .of_nonneg_of_le (fun n => ?_) (fun n => ?_)
.lake/packages/mathlib/Mathlib/MeasureTheory/Group/FundamentalDomain.lean:713:be pulled back. And yet here, we are describing a situation involving measures in a geometric way.
.lake/packages/mathlib/Mathlib/MeasureTheory/Function/ConvergenceInMeasure.lean:300:    simpa only [ENNReal.tsum_geometric, ENNReal.one_sub_inv_two, inv_inv] using ENNReal.ofNat_ne_top
.lake/packages/mathlib/Mathlib/MeasureTheory/Function/LpSpace/Complete.lean:170:  obtain ⟨M, hB⟩ : Summable B := summable_geometric_two
.lake/packages/mathlib/Mathlib/MeasureTheory/Function/Egorov.lean:148:  rw [ENNReal.tsum_mul_left, ← ENNReal.ofReal_tsum_of_nonneg, inv_eq_one_div, tsum_geometric_two,
.lake/packages/mathlib/Mathlib/MeasureTheory/Function/Egorov.lean:152:    exact summable_geometric_two
.lake/packages/mathlib/Mathlib/MeasureTheory/Measure/Lebesgue/Integral.lean:58:  refine integrable_of_summable_norm_restrict (.of_nonneg_of_le
.lake/packages/mathlib/Mathlib/MeasureTheory/Integral/CircleIntegral.lean:656:  · exact Eventually.of_forall fun _ _ => (summable_geometric_of_lt_one hwR.1 hwR.2).mul_left _
.lake/packages/mathlib/Mathlib/MeasureTheory/Integral/CircleIntegral.lean:657:  · simpa only [tsum_mul_left, tsum_geometric_of_lt_one hwR.1 hwR.2] using
.lake/packages/mathlib/Mathlib/MeasureTheory/Integral/CircleIntegral.lean:663:    convert (hasSum_geometric_of_norm_lt_one this).mul_right _ using 1
.lake/packages/mathlib/Mathlib/MeasureTheory/Integral/Bochner/Set.lean:900:      (.of_nonneg_of_le (fun ι => integral_nonneg fun x => norm_nonneg _) (fun i => ?_) hf)
.lake/packages/mathlib/Mathlib/Combinatorics/Enumerative/Partition/Glaisher.lean:60:      exact summable_pow_of_constantCoeff_eq_zero (by simp)
.lake/packages/mathlib/Mathlib/Combinatorics/Additive/AP/Three/Defs.lean:20:The corresponding notion, sets without geometric progressions of length three, are called 3GP-free
.lake/packages/mathlib/Mathlib/Combinatorics/Additive/AP/Three/Defs.lean:66:/-- A set is **3GP-free** if it does not contain any non-trivial geometric progression of length
.lake/packages/mathlib/Mathlib/LinearAlgebra/Eigenspace/Zero.lean:211:/-- The geometric multiplicity of an eigenvalue is at most the algebraic multiplicity. -/
.lake/packages/mathlib/Mathlib/LinearAlgebra/Matrix/PosDef.lean:559:    apply le_add_of_nonneg_of_le
.lake/packages/mathlib/Mathlib/Geometry/Euclidean/Triangle.lean:16:This file proves basic geometrical results about distances and angles
.lake/packages/mathlib/Mathlib/Geometry/Euclidean/Triangle.lean:231:This section develops some geometrical definitions and results on
.lake/packages/mathlib/Mathlib/Geometry/Euclidean/Angle/Oriented/Basic.lean:668:  exact h (Real.Angle.sign_coe_nonneg_of_nonneg_of_le_pi (InnerProductGeometry.angle_nonneg _ _)
.lake/packages/mathlib/Mathlib/Geometry/Euclidean/Angle/Oriented/Basic.lean:680:  exact h (Real.Angle.sign_coe_nonneg_of_nonneg_of_le_pi (InnerProductGeometry.angle_nonneg _ _)
.lake/packages/mathlib/Mathlib/Geometry/Euclidean/Angle/Oriented/RightAngle.lean:14:This file proves basic geometric results about distances and oriented angles in (possibly
.lake/packages/mathlib/Mathlib/Geometry/Euclidean/Angle/Unoriented/Basic.lean:90:  sin_nonneg_of_nonneg_of_le_pi (angle_nonneg x y) (angle_le_pi x y)
.lake/packages/mathlib/Mathlib/Geometry/Euclidean/Angle/Unoriented/RightAngle.lean:14:This file proves basic geometric results about distances and angles in (possibly degenerate)
.lake/packages/mathlib/Mathlib/Geometry/Euclidean/MongePoint.lean:562:reasoning, with no geometric content, that is common to some other
.lake/packages/mathlib/Mathlib/Geometry/Euclidean/Sphere/Power.lean:18:This file proves basic geometrical results about power of a point (intersecting chords and
.lake/packages/mathlib/Mathlib/Geometry/Euclidean/Basic.lean:14:This file makes some definitions and proves very basic geometrical
.lake/packages/mathlib/Mathlib/Geometry/Euclidean/Basic.lean:19:proofs or more geometrical content generally go in separate files.
.lake/packages/mathlib/Mathlib/Geometry/Euclidean/Basic.lean:51:This section develops some geometrical definitions and results on
.lake/packages/mathlib/Mathlib/Geometry/Convex/Cone/DualFinite.lean:16:finitely generated cone. In geometric terms, a cone is dually finitely generated if it can
.lake/packages/mathlib/Mathlib/Geometry/Manifold/Sheaf/Basic.lean:21:`StructureGroupoid.LocalInvariantProp`: that is, showing that a differential-geometric "locally
.lake/packages/mathlib/Mathlib/Geometry/Manifold/IsManifold/InteriorBoundary.lean:230:  have ⟨F, hF⟩ := geometric_hahn_banach_open_point hs.interior isOpen_interior hfx
.lake/packages/mathlib/Mathlib/Data/Int/Lemmas.lean:67:/-- A specialization of `abs_sub_le_of_nonneg_of_le` for working with the signed subtraction
.lake/packages/mathlib/Mathlib/Data/Int/Lemmas.lean:72:  exact abs_sub_le_of_nonneg_of_le (natCast_nonneg a) (ofNat_le.mpr a_le_n)
.lake/packages/mathlib/Mathlib/Algebra/Order/Field/GeomSum.lean:12:# Partial sums of geometric series in an ordered field
.lake/packages/mathlib/Mathlib/Algebra/Order/Field/GeomSum.lean:14:This file upper- and lower-bounds the values of the geometric series $\sum_{i=0}^{n-1} x^i$ and
.lake/packages/mathlib/Mathlib/Algebra/Order/Ring/GeomSum.lean:13:# Partial sums of geometric series in an ordered ring
.lake/packages/mathlib/Mathlib/Algebra/Order/Ring/GeomSum.lean:15:This file upper- and lower-bounds the values of the geometric series $\sum_{i=0}^{n-1} x^i$ and
.lake/packages/mathlib/Mathlib/Algebra/Order/Ring/GeomSum.lean:17:"geometric" sum of `a/b^i` where `a b : ℕ`.
.lake/packages/mathlib/Mathlib/Algebra/Order/Ring/Unbundled/Basic.lean:761:/-- Binary, squared, and division-free **arithmetic mean-geometric mean inequality**
.lake/packages/mathlib/Mathlib/Algebra/Order/Ring/Unbundled/Basic.lean:771:/-- Binary, squared, and division-free **arithmetic mean-geometric mean inequality**
.lake/packages/mathlib/Mathlib/Algebra/Order/Ring/Unbundled/Basic.lean:784:/-- Binary and division-free **arithmetic mean-geometric mean inequality**
.lake/packages/mathlib/Mathlib/Algebra/LinearRecurrence.lean:31:* a geometric sequence `q ^ n` is solution iff `q` is a root of a particular polynomial,
.lake/packages/mathlib/Mathlib/Algebra/LinearRecurrence.lean:225:/-- The geometric sequence `q^n` is a solution of `E` iff
.lake/packages/mathlib/Mathlib/Algebra/Module/ZLattice/Summable.lean:19:- `ZLattice.summable_norm_rpow`: `∑ z ∈ L, ‖z‖ʳ` converges when `r < -d`.
.lake/packages/mathlib/Mathlib/Algebra/Module/ZLattice/Summable.lean:20:- `ZLattice.summable_norm_sub_rpow`: `∑ z ∈ L, ‖z - x‖ʳ` converges when `r < -d`.
.lake/packages/mathlib/Mathlib/Algebra/Module/ZLattice/Summable.lean:155:        refine Summable.sum_le_tsum _ (fun _ _ ↦ by positivity) (Real.summable_nat_rpow.mpr ?_)
.lake/packages/mathlib/Mathlib/Algebra/Module/ZLattice/Summable.lean:229:lemma summable_norm_rpow (r : ℝ) (hr : r < -Module.finrank ℤ L) :
.lake/packages/mathlib/Mathlib/Algebra/Module/ZLattice/Summable.lean:237:  Summable.tsum_le_of_sum_le (summable_norm_rpow L r hr) (tsumNormRPowBound_spec L r hr)
.lake/packages/mathlib/Mathlib/Algebra/Module/ZLattice/Summable.lean:240:lemma summable_norm_sub_rpow (r : ℝ) (hr : r < -Module.finrank ℤ L) (x : E) :
.lake/packages/mathlib/Mathlib/Algebra/Module/ZLattice/Summable.lean:245:    (.mul_left ((1 / 2) ^ r) (summable_norm_rpow L r hr)) ?_
.lake/packages/mathlib/Mathlib/Algebra/Module/ZLattice/Summable.lean:264:lemma summable_norm_sub_zpow (n : ℤ) (hn : n < -Module.finrank ℤ L) (x : E) :
.lake/packages/mathlib/Mathlib/Algebra/Module/ZLattice/Summable.lean:266:  mod_cast summable_norm_sub_rpow L n (mod_cast hn) x
.lake/packages/mathlib/Mathlib/Algebra/Module/ZLattice/Summable.lean:268:lemma summable_norm_zpow (n : ℤ) (hn : n < -Module.finrank ℤ L) :
.lake/packages/mathlib/Mathlib/Algebra/Module/ZLattice/Summable.lean:270:  simpa using summable_norm_sub_zpow L n hn 0
.lake/packages/mathlib/Mathlib/Algebra/Module/ZLattice/Summable.lean:272:lemma summable_norm_sub_inv_pow (n : ℕ) (hn : Module.finrank ℤ L < n) (x : E) :
.lake/packages/mathlib/Mathlib/Algebra/Module/ZLattice/Summable.lean:274:  simpa using summable_norm_sub_zpow L (-n) (by gcongr) x
.lake/packages/mathlib/Mathlib/Algebra/Module/ZLattice/Summable.lean:276:lemma summable_norm_pow_inv (n : ℕ) (hn : Module.finrank ℤ L < n) :
.lake/packages/mathlib/Mathlib/Algebra/Module/ZLattice/Summable.lean:278:  simpa using summable_norm_sub_inv_pow L n hn 0
.lake/packages/mathlib/Mathlib/Algebra/Field/GeomSum.lean:12:# Partial sums of geometric series in a field
.lake/packages/mathlib/Mathlib/Algebra/Field/GeomSum.lean:14:This file determines the values of the geometric series $\sum_{i=0}^{n-1} x^i$ and
.lake/packages/mathlib/Mathlib/Algebra/Ring/GeomSum.lean:14:# Partial sums of geometric series in a ring
.lake/packages/mathlib/Mathlib/Algebra/Ring/GeomSum.lean:16:This file determines the values of the geometric series $\sum_{i=0}^{n-1} x^i$ and
.lake/packages/mathlib/Mathlib/Algebra/Ring/GeomSum.lean:350:/-- Value of a geometric sum over the naturals. Note: see `geom_sum_mul_add` for a formulation
.lake/packages/mathlib/Mathlib/Algebra/Homology/LocalCohomology.lean:32:* [M. Brodmann and R. Sharp, *Local cohomology: An algebraic introduction with geometric
